region,year,emissions_mass_level
Белгородская область,2001,94.0
Брянская область,2001,41.0
Владимирская область,2001,41.0
Воронежская область,2001,60.0
Ивановская область,2001,36.0
Калужская область,2001,15.0
Костромская область,2001,51.0
Курская область,2001,21.0
Липецкая область,2001,388.0
Московская область,2001,172.0
Орловская область,2001,15.0
Рязанская область,2001,125.0
Смоленская область,2001,30.0
Тамбовская область,2001,25.0
Тверская область,2001,40.0
Тульская область,2001,208.0
Ярославская область,2001,89.0
г. Москва,2001,94.0
Республика Карелия,2001,139.0
Республика Коми,2001,688.0
Архангельская область,2001,296.0
Вологодская область,2001,476.0
Калининградская область,2001,43.0
Ленинградская область,2001,182.0
Мурманская область,2001,369.0
Новгородская область,2001,50.0
Псковская область,2001,20.0
г. Санкт-Петербург,2001,57.0
Республика Адыгея,2001,4.0
Республика Калмыкия,2001,5.0
Краснодарский край,2001,104.0
Астраханская область,2001,107.0
Волгоградская область,2001,376.0
Ростовская область,2001,189.0
Республика Дагестан,2001,27.0
Республика Ингушетия,2001,2.0
Кабардино-Балкарская Республика,2001,2.0
Карачаево-Черкесская Республика,2001,11.0
Республика Северная Осетия - Алания,2001,11.0
Ставропольский край,2001,76.0
Республика Башкортостан,2001,506.0
Республика Марий Эл,2001,23.0
Республика Мордовия,2001,50.0
Республика Татарстан,2001,260.0
Удмуртская Республика,2001,146.0
Чувашская Республика,2001,51.0
Кировская область,2001,85.0
Нижегородская область,2001,182.0
Оренбургская область,2001,500.0
Пензенская область,2001,18.0
Самарская область,2001,313.0
Саратовская область,2001,113.0
Ульяновская область,2001,43.0
Курганская область,2001,91.0
Свердловская область,2001,1407.0
Тюменская область,2001,2381.0
Челябинская область,2001,984.0
Республика Алтай,2001,9.0
Республика Бурятия,2001,101.0
Республика Тыва,2001,26.0
Республика Хакасия,2001,96.0
Алтайский край,2001,255.0
Красноярский край,2001,2589.0
Иркутская область,2001,505.0
Кемеровская область,2001,1225.0
Новосибирская область,2001,198.0
Омская область,2001,238.0
Томская область,2001,255.0
Республика Саха (Якутия),2001,130.0
Приморский край,2001,352.0
Хабаровский край,2001,149.0
Амурская область,2001,92.0
Магаданская область,2001,37.0
Сахалинская область,2001,100.0
Еврейская автономная область,2001,20.0
Чукотский автономный округ,2001,32.0
Белгородская область,2002,100.0
Брянская область,2002,42.0
Владимирская область,2002,37.0
Воронежская область,2002,47.0
Ивановская область,2002,42.0
Калужская область,2002,14.0
Костромская область,2002,47.0
Курская область,2002,19.0
Липецкая область,2002,407.0
Московская область,2002,176.0
Орловская область,2002,14.0
Рязанская область,2002,121.0
Смоленская область,2002,35.0
Тамбовская область,2002,23.0
Тверская область,2002,50.0
Тульская область,2002,169.0
Ярославская область,2002,89.0
г. Москва,2002,93.0
Республика Карелия,2002,138.0
Республика Коми,2002,664.0
Архангельская область,2002,276.0
Вологодская область,2002,474.0
Калининградская область,2002,35.0
Ленинградская область,2002,181.0
Мурманская область,2002,333.0
Новгородская область,2002,50.0
Псковская область,2002,19.0
г. Санкт-Петербург,2002,54.0
Республика Адыгея,2002,3.0
Республика Калмыкия,2002,3.0
Краснодарский край,2002,108.0
Астраханская область,2002,117.0
Волгоградская область,2002,226.0
Ростовская область,2002,164.0
Республика Дагестан,2002,32.0
Республика Ингушетия,2002,2.0
Кабардино-Балкарская Республика,2002,2.0
Карачаево-Черкесская Республика,2002,13.0
Республика Северная Осетия - Алания,2002,9.0
Ставропольский край,2002,76.0
Республика Башкортостан,2002,435.0
Республика Марий Эл,2002,21.0
Республика Мордовия,2002,48.0
Республика Татарстан,2002,253.0
Удмуртская Республика,2002,189.0
Чувашская Республика,2002,54.0
Кировская область,2002,81.0
Нижегородская область,2002,189.0
Оренбургская область,2002,579.0
Пензенская область,2002,18.0
Самарская область,2002,312.0
Саратовская область,2002,107.0
Ульяновская область,2002,41.0
Курганская область,2002,89.0
Свердловская область,2002,1221.0
Тюменская область,2002,3359.0
Челябинская область,2002,903.0
Республика Алтай,2002,12.0
Республика Бурятия,2002,102.0
Республика Тыва,2002,25.0
Республика Хакасия,2002,90.0
Алтайский край,2002,244.0
Красноярский край,2002,2472.0
Иркутская область,2002,487.0
Кемеровская область,2002,1240.0
Новосибирская область,2002,196.0
Омская область,2002,244.0
Томская область,2002,294.0
Республика Саха (Якутия),2002,131.0
Приморский край,2002,301.0
Хабаровский край,2002,153.0
Амурская область,2002,90.0
Магаданская область,2002,37.0
Сахалинская область,2002,87.0
Еврейская автономная область,2002,29.0
Чукотский автономный округ,2002,28.0
Белгородская область,2003,98.0
Брянская область,2003,55.0
Владимирская область,2003,33.0
Воронежская область,2003,47.0
Ивановская область,2003,42.0
Калужская область,2003,13.0
Костромская область,2003,49.0
Курская область,2003,20.0
Липецкая область,2003,396.0
Московская область,2003,171.0
Орловская область,2003,15.0
Рязанская область,2003,120.0
Смоленская область,2003,37.0
Тамбовская область,2003,25.0
Тверская область,2003,51.0
Тульская область,2003,153.0
Ярославская область,2003,86.0
г. Москва,2003,97.0
Республика Карелия,2003,132.0
Республика Коми,2003,631.0
Архангельская область,2003,296.0
Вологодская область,2003,445.0
Калининградская область,2003,35.0
Ленинградская область,2003,184.0
Мурманская область,2003,318.0
Новгородская область,2003,50.0
Псковская область,2003,18.0
г. Санкт-Петербург,2003,60.0
Республика Адыгея,2003,2.0
Республика Калмыкия,2003,3.0
Краснодарский край,2003,115.0
Астраханская область,2003,118.0
Волгоградская область,2003,224.0
Ростовская область,2003,149.0
Республика Дагестан,2003,26.0
Республика Ингушетия,2003,1.0
Кабардино-Балкарская Республика,2003,2.0
Карачаево-Черкесская Республика,2003,14.0
Республика Северная Осетия - Алания,2003,8.0
Ставропольский край,2003,73.0
Республика Башкортостан,2003,462.0
Республика Марий Эл,2003,25.0
Республика Мордовия,2003,42.0
Республика Татарстан,2003,270.0
Удмуртская Республика,2003,193.0
Чувашская Республика,2003,53.0
Кировская область,2003,74.0
Нижегородская область,2003,168.0
Оренбургская область,2003,640.0
Пензенская область,2003,21.0
Самарская область,2003,322.0
Саратовская область,2003,109.0
Ульяновская область,2003,41.0
Курганская область,2003,67.0
Свердловская область,2003,1265.0
Тюменская область,2003,3421.0
Челябинская область,2003,910.0
Республика Алтай,2003,11.0
Республика Бурятия,2003,86.0
Республика Тыва,2003,30.0
Республика Хакасия,2003,93.0
Алтайский край,2003,248.0
Красноярский край,2003,2480.0
Иркутская область,2003,520.0
Кемеровская область,2003,1208.0
Новосибирская область,2003,206.0
Омская область,2003,237.0
Томская область,2003,336.0
Республика Саха (Якутия),2003,134.0
Приморский край,2003,303.0
Хабаровский край,2003,158.0
Амурская область,2003,90.0
Магаданская область,2003,34.0
Сахалинская область,2003,87.0
Еврейская автономная область,2003,30.0
Чукотский автономный округ,2003,38.0
Белгородская область,2004,99.0
Брянская область,2004,53.0
Владимирская область,2004,29.0
Воронежская область,2004,53.0
Ивановская область,2004,42.0
Калужская область,2004,12.0
Костромская область,2004,48.0
Курская область,2004,27.0
Липецкая область,2004,387.0
Московская область,2004,163.0
Орловская область,2004,13.0
Рязанская область,2004,119.0
Смоленская область,2004,30.0
Тамбовская область,2004,26.0
Тверская область,2004,46.0
Тульская область,2004,143.0
Ярославская область,2004,94.0
г. Москва,2004,91.0
Республика Карелия,2004,136.0
Республика Коми,2004,660.0
Архангельская область,2004,336.0
Вологодская область,2004,464.0
Калининградская область,2004,33.0
Ленинградская область,2004,177.0
Мурманская область,2004,316.0
Новгородская область,2004,53.0
Псковская область,2004,16.0
г. Санкт-Петербург,2004,57.0
Республика Адыгея,2004,3.0
Республика Калмыкия,2004,3.0
Краснодарский край,2004,119.0
Астраханская область,2004,123.0
Волгоградская область,2004,224.0
Ростовская область,2004,132.0
Республика Дагестан,2004,33.0
Республика Ингушетия,2004,1.0
Кабардино-Балкарская Республика,2004,2.0
Карачаево-Черкесская Республика,2004,14.0
Республика Северная Осетия - Алания,2004,10.0
Ставропольский край,2004,77.0
Республика Башкортостан,2004,410.0
Республика Марий Эл,2004,25.0
Республика Мордовия,2004,43.0
Республика Татарстан,2004,240.0
Удмуртская Республика,2004,130.0
Чувашская Республика,2004,42.0
Кировская область,2004,97.0
Нижегородская область,2004,161.0
Оренбургская область,2004,905.0
Пензенская область,2004,33.0
Самарская область,2004,354.0
Саратовская область,2004,276.0
Ульяновская область,2004,41.0
Курганская область,2004,48.0
Свердловская область,2004,1240.0
Тюменская область,2004,4129.0
Челябинская область,2004,945.0
Республика Алтай,2004,14.0
Республика Бурятия,2004,84.0
Республика Тыва,2004,25.0
Республика Хакасия,2004,89.0
Алтайский край,2004,237.0
Красноярский край,2004,2550.0
Иркутская область,2004,490.0
Кемеровская область,2004,1167.0
Новосибирская область,2004,201.0
Омская область,2004,219.0
Томская область,2004,296.0
Республика Саха (Якутия),2004,154.0
Приморский край,2004,256.0
Хабаровский край,2004,156.0
Амурская область,2004,105.0
Магаданская область,2004,32.0
Сахалинская область,2004,86.0
Еврейская автономная область,2004,30.0
Чукотский автономный округ,2004,38.0
Белгородская область,2005,102.0
Брянская область,2005,49.0
Владимирская область,2005,29.0
Воронежская область,2005,52.0
Ивановская область,2005,40.0
Калужская область,2005,12.0
Костромская область,2005,52.0
Курская область,2005,27.0
Липецкая область,2005,378.0
Московская область,2005,167.0
Орловская область,2005,13.0
Рязанская область,2005,141.0
Смоленская область,2005,34.0
Тамбовская область,2005,27.0
Тверская область,2005,43.0
Тульская область,2005,148.0
Ярославская область,2005,93.0
г. Москва,2005,89.0
Республика Карелия,2005,129.0
Республика Коми,2005,671.0
Архангельская область,2005,314.0
Вологодская область,2005,478.0
Калининградская область,2005,28.0
Ленинградская область,2005,209.0
Мурманская область,2005,301.0
Новгородская область,2005,55.0
Псковская область,2005,17.0
г. Санкт-Петербург,2005,53.0
Республика Адыгея,2005,2.0
Республика Калмыкия,2005,3.0
Краснодарский край,2005,113.0
Астраханская область,2005,131.0
Волгоградская область,2005,221.0
Ростовская область,2005,146.0
Республика Дагестан,2005,27.0
Республика Ингушетия,2005,1.0
Кабардино-Балкарская Республика,2005,2.0
Карачаево-Черкесская Республика,2005,16.0
Республика Северная Осетия - Алания,2005,6.0
Ставропольский край,2005,75.0
Республика Башкортостан,2005,411.0
Республика Марий Эл,2005,29.0
Республика Мордовия,2005,37.0
Республика Татарстан,2005,240.0
Удмуртская Республика,2005,143.0
Чувашская Республика,2005,38.0
Кировская область,2005,91.0
Нижегородская область,2005,167.0
Оренбургская область,2005,906.0
Пензенская область,2005,24.0
Самарская область,2005,321.0
Саратовская область,2005,182.0
Ульяновская область,2005,35.0
Курганская область,2005,61.0
Свердловская область,2005,1177.0
Тюменская область,2005,4179.0
Челябинская область,2005,880.0
Республика Алтай,2005,13.0
Республика Бурятия,2005,87.0
Республика Тыва,2005,24.0
Республика Хакасия,2005,96.0
Алтайский край,2005,233.0
Красноярский край,2005,2543.0
Иркутская область,2005,502.0
Кемеровская область,2005,1282.0
Новосибирская область,2005,213.0
Омская область,2005,202.0
Томская область,2005,281.0
Республика Саха (Якутия),2005,163.0
Приморский край,2005,260.0
Хабаровский край,2005,145.0
Амурская область,2005,104.0
Магаданская область,2005,29.0
Сахалинская область,2005,89.0
Еврейская автономная область,2005,28.0
Чукотский автономный округ,2005,32.0
Белгородская область,2006,105.0
Брянская область,2006,46.0
Владимирская область,2006,27.0
Воронежская область,2006,67.0
Ивановская область,2006,44.0
Калужская область,2006,12.0
Костромская область,2006,61.0
Курская область,2006,29.0
Липецкая область,2006,379.0
Московская область,2006,178.0
Орловская область,2006,12.0
Рязанская область,2006,131.0
Смоленская область,2006,42.0
Тамбовская область,2006,42.0
Тверская область,2006,61.0
Тульская область,2006,164.0
Ярославская область,2006,75.0
г. Москва,2006,95.0
Республика Карелия,2006,124.0
Республика Коми,2006,670.0
Архангельская область,2006,335.0
Вологодская область,2006,483.0
Калининградская область,2006,26.0
Ленинградская область,2006,247.0
Мурманская область,2006,293.0
Новгородская область,2006,55.0
Псковская область,2006,17.0
г. Санкт-Петербург,2006,52.0
Республика Адыгея,2006,2.0
Республика Калмыкия,2006,8.0
Краснодарский край,2006,152.0
Астраханская область,2006,117.0
Волгоградская область,2006,221.0
Ростовская область,2006,174.0
Республика Дагестан,2006,24.0
Республика Ингушетия,2006,1.0
Кабардино-Балкарская Республика,2006,2.0
Карачаево-Черкесская Республика,2006,19.0
Республика Северная Осетия - Алания,2006,5.0
Ставропольский край,2006,73.0
Республика Башкортостан,2006,395.0
Республика Марий Эл,2006,36.0
Республика Мордовия,2006,40.0
Республика Татарстан,2006,285.0
Удмуртская Республика,2006,120.0
Чувашская Республика,2006,32.0
Кировская область,2006,95.0
Нижегородская область,2006,157.0
Оренбургская область,2006,883.0
Пензенская область,2006,27.0
Самарская область,2006,336.0
Саратовская область,2006,188.0
Ульяновская область,2006,43.0
Курганская область,2006,53.0
Свердловская область,2006,1250.0
Тюменская область,2006,4022.0
Челябинская область,2006,996.0
Республика Алтай,2006,13.0
Республика Бурятия,2006,84.0
Республика Тыва,2006,23.0
Республика Хакасия,2006,91.0
Алтайский край,2006,219.0
Красноярский край,2006,2470.0
Иркутская область,2006,532.0
Кемеровская область,2006,1311.0
Новосибирская область,2006,214.0
Омская область,2006,198.0
Томская область,2006,285.0
Республика Саха (Якутия),2006,160.0
Приморский край,2006,237.0
Хабаровский край,2006,130.0
Амурская область,2006,103.0
Магаданская область,2006,28.0
Сахалинская область,2006,98.0
Еврейская автономная область,2006,24.0
Чукотский автономный округ,2006,30.0
Белгородская область,2007,124.0
Брянская область,2007,48.0
Владимирская область,2007,32.0
Воронежская область,2007,71.0
Ивановская область,2007,44.0
Калужская область,2007,13.0
Костромская область,2007,63.0
Курская область,2007,27.0
Липецкая область,2007,382.0
Московская область,2007,163.0
Орловская область,2007,12.0
Рязанская область,2007,135.0
Смоленская область,2007,37.0
Тамбовская область,2007,50.0
Тверская область,2007,69.0
Тульская область,2007,163.0
Ярославская область,2007,78.0
г. Москва,2007,79.0
Республика Карелия,2007,120.0
Республика Коми,2007,655.0
Архангельская область,2007,403.0
Вологодская область,2007,463.0
Калининградская область,2007,36.0
Ленинградская область,2007,237.0
Мурманская область,2007,295.0
Новгородская область,2007,49.0
Псковская область,2007,16.0
г. Санкт-Петербург,2007,46.0
Республика Адыгея,2007,3.0
Республика Калмыкия,2007,6.0
Краснодарский край,2007,143.0
Астраханская область,2007,129.0
Волгоградская область,2007,227.0
Ростовская область,2007,163.0
Республика Дагестан,2007,17.0
Республика Ингушетия,2007,1.0
Кабардино-Балкарская Республика,2007,3.0
Карачаево-Черкесская Республика,2007,20.0
Республика Северная Осетия - Алания,2007,5.0
Ставропольский край,2007,69.0
Республика Башкортостан,2007,407.0
Республика Марий Эл,2007,28.0
Республика Мордовия,2007,32.0
Республика Татарстан,2007,266.0
Удмуртская Республика,2007,120.0
Чувашская Республика,2007,29.0
Кировская область,2007,93.0
Нижегородская область,2007,149.0
Оренбургская область,2007,804.0
Пензенская область,2007,26.0
Самарская область,2007,325.0
Саратовская область,2007,162.0
Ульяновская область,2007,43.0
Курганская область,2007,50.0
Свердловская область,2007,1220.0
Тюменская область,2007,4086.0
Челябинская область,2007,970.0
Республика Алтай,2007,11.0
Республика Бурятия,2007,91.0
Республика Тыва,2007,21.0
Республика Хакасия,2007,94.0
Алтайский край,2007,215.0
Красноярский край,2007,2500.0
Иркутская область,2007,554.0
Кемеровская область,2007,1454.0
Новосибирская область,2007,207.0
Омская область,2007,198.0
Томская область,2007,320.0
Республика Саха (Якутия),2007,162.0
Приморский край,2007,227.0
Хабаровский край,2007,128.0
Амурская область,2007,117.0
Магаданская область,2007,28.0
Сахалинская область,2007,100.0
Еврейская автономная область,2007,24.0
Чукотский автономный округ,2007,27.0
Белгородская область,2008,116.0
Брянская область,2008,30.0
Владимирская область,2008,39.0
Воронежская область,2008,78.0
Ивановская область,2008,41.0
Калужская область,2008,13.0
Костромская область,2008,61.0
Курская область,2008,25.0
Липецкая область,2008,353.0
Московская область,2008,195.0
Орловская область,2008,20.0
Рязанская область,2008,146.0
Смоленская область,2008,43.0
Тамбовская область,2008,59.0
Тверская область,2008,58.0
Тульская область,2008,160.0
Ярославская область,2008,81.0
г. Москва,2008,70.0
Республика Карелия,2008,120.0
Республика Коми,2008,618.0
Архангельская область,2008,396.0
Вологодская область,2008,459.0
Калининградская область,2008,33.0
Ленинградская область,2008,219.0
Мурманская область,2008,276.0
Новгородская область,2008,46.0
Псковская область,2008,18.0
г. Санкт-Петербург,2008,40.0
Республика Адыгея,2008,3.0
Республика Калмыкия,2008,4.0
Краснодарский край,2008,147.0
Астраханская область,2008,125.0
Волгоградская область,2008,221.0
Ростовская область,2008,185.0
Республика Дагестан,2008,19.0
Республика Ингушетия,2008,1.0
Кабардино-Балкарская Республика,2008,3.0
Карачаево-Черкесская Республика,2008,17.0
Республика Северная Осетия - Алания,2008,5.0
Ставропольский край,2008,77.0
Республика Башкортостан,2008,417.0
Республика Марий Эл,2008,39.0
Республика Мордовия,2008,44.0
Республика Татарстан,2008,274.0
Удмуртская Республика,2008,119.0
Чувашская Республика,2008,37.0
Кировская область,2008,84.0
Нижегородская область,2008,166.0
Оренбургская область,2008,738.0
Пензенская область,2008,29.0
Самарская область,2008,305.0
Саратовская область,2008,157.0
Ульяновская область,2008,37.0
Курганская область,2008,58.0
Свердловская область,2008,1289.0
Тюменская область,2008,3494.0
Челябинская область,2008,958.0
Республика Алтай,2008,11.0
Республика Бурятия,2008,98.0
Республика Тыва,2008,22.0
Республика Хакасия,2008,99.0
Алтайский край,2008,212.0
Красноярский край,2008,2458.0
Иркутская область,2008,632.0
Кемеровская область,2008,1503.0
Новосибирская область,2008,232.0
Омская область,2008,236.0
Томская область,2008,322.0
Республика Саха (Якутия),2008,183.0
Приморский край,2008,242.0
Хабаровский край,2008,115.0
Амурская область,2008,109.0
Магаданская область,2008,24.0
Сахалинская область,2008,87.0
Еврейская автономная область,2008,21.0
Чукотский автономный округ,2008,25.0
Белгородская область,2009,126.0
Брянская область,2009,33.0
Владимирская область,2009,31.0
Воронежская область,2009,75.0
Ивановская область,2009,39.0
Калужская область,2009,12.0
Костромская область,2009,55.0
Курская область,2009,37.0
Липецкая область,2009,346.0
Московская область,2009,194.0
Орловская область,2009,22.0
Рязанская область,2009,132.0
Смоленская область,2009,43.0
Тамбовская область,2009,86.0
Тверская область,2009,54.0
Тульская область,2009,156.0
Ярославская область,2009,78.0
г. Москва,2009,60.0
Республика Карелия,2009,106.0
Республика Коми,2009,598.0
Архангельская область,2009,426.0
Вологодская область,2009,412.0
Калининградская область,2009,30.0
Ленинградская область,2009,215.0
Мурманская область,2009,281.0
Новгородская область,2009,38.0
Псковская область,2009,21.0
г. Санкт-Петербург,2009,51.0
Республика Адыгея,2009,3.0
Республика Калмыкия,2009,2.0
Краснодарский край,2009,150.0
Астраханская область,2009,103.0
Волгоградская область,2009,195.0
Ростовская область,2009,175.0
Республика Дагестан,2009,20.0
Республика Ингушетия,2009,1.0
Кабардино-Балкарская Республика,2009,3.0
Карачаево-Черкесская Республика,2009,19.0
Республика Северная Осетия - Алания,2009,4.0
Ставропольский край,2009,64.0
Республика Башкортостан,2009,398.0
Республика Марий Эл,2009,37.0
Республика Мордовия,2009,33.0
Республика Татарстан,2009,268.0
Удмуртская Республика,2009,94.0
Чувашская Республика,2009,36.0
Кировская область,2009,109.0
Нижегородская область,2009,161.0
Оренбургская область,2009,647.0
Пензенская область,2009,22.0
Самарская область,2009,289.0
Саратовская область,2009,121.0
Ульяновская область,2009,31.0
Курганская область,2009,58.0
Свердловская область,2009,1138.0
Тюменская область,2009,3268.0
Челябинская область,2009,798.0
Республика Алтай,2009,10.0
Республика Бурятия,2009,96.0
Республика Тыва,2009,20.0
Республика Хакасия,2009,96.0
Алтайский край,2009,197.0
Красноярский край,2009,2446.0
Иркутская область,2009,560.0
Кемеровская область,2009,1408.0
Новосибирская область,2009,233.0
Омская область,2009,214.0
Томская область,2009,360.0
Республика Саха (Якутия),2009,194.0
Приморский край,2009,226.0
Хабаровский край,2009,114.0
Амурская область,2009,116.0
Магаданская область,2009,24.0
Сахалинская область,2009,116.0
Еврейская автономная область,2009,19.0
Чукотский автономный округ,2009,25.0
Белгородская область,2010,132.0
Брянская область,2010,35.0
Владимирская область,2010,35.0
Воронежская область,2010,77.0
Ивановская область,2010,37.0
Калужская область,2010,12.0
Костромская область,2010,54.0
Курская область,2010,41.0
Липецкая область,2010,368.0
Московская область,2010,205.0
Орловская область,2010,23.0
Рязанская область,2010,134.0
Смоленская область,2010,48.0
Тамбовская область,2010,46.0
Тверская область,2010,60.0
Тульская область,2010,167.0
Ярославская область,2010,81.0
г. Москва,2010,63.0
Республика Карелия,2010,108.0
Республика Коми,2010,595.0
Архангельская область,2010,545.0
Вологодская область,2010,474.0
Калининградская область,2010,29.0
Ленинградская область,2010,226.0
Мурманская область,2010,288.0
Новгородская область,2010,46.0
Псковская область,2010,22.0
г. Санкт-Петербург,2010,57.0
Республика Адыгея,2010,4.0
Республика Калмыкия,2010,3.0
Краснодарский край,2010,139.0
Астраханская область,2010,125.0
Волгоградская область,2010,201.0
Ростовская область,2010,176.0
Республика Дагестан,2010,18.0
Республика Ингушетия,2010,1.0
Кабардино-Балкарская Республика,2010,3.0
Карачаево-Черкесская Республика,2010,20.0
Республика Северная Осетия - Алания,2010,6.0
Ставропольский край,2010,66.0
Республика Башкортостан,2010,388.0
Республика Марий Эл,2010,33.0
Республика Мордовия,2010,34.0
Республика Татарстан,2010,263.0
Удмуртская Республика,2010,101.0
Чувашская Республика,2010,31.0
Кировская область,2010,102.0
Нижегородская область,2010,156.0
Оренбургская область,2010,617.0
Пензенская область,2010,22.0
Самарская область,2010,308.0
Саратовская область,2010,95.0
Ульяновская область,2010,39.0
Курганская область,2010,55.0
Свердловская область,2010,1169.0
Тюменская область,2010,3132.0
Челябинская область,2010,749.0
Республика Алтай,2010,6.0
Республика Бурятия,2010,95.0
Республика Тыва,2010,23.0
Республика Хакасия,2010,96.0
Алтайский край,2010,207.0
Красноярский край,2010,2491.0
Иркутская область,2010,597.0
Кемеровская область,2010,1411.0
Новосибирская область,2010,228.0
Омская область,2010,230.0
Томская область,2010,345.0
Республика Саха (Якутия),2010,161.0
Приморский край,2010,233.0
Хабаровский край,2010,117.0
Амурская область,2010,119.0
Магаданская область,2010,25.0
Сахалинская область,2010,100.0
Еврейская автономная область,2010,23.0
Чукотский автономный округ,2010,22.0
Белгородская область,2011,134.0
Брянская область,2011,37.0
Владимирская область,2011,35.0
Воронежская область,2011,72.0
Ивановская область,2011,37.0
Калужская область,2011,13.0
Костромская область,2011,50.0
Курская область,2011,42.0
Липецкая область,2011,345.0
Московская область,2011,192.0
Орловская область,2011,23.0
Рязанская область,2011,122.0
Смоленская область,2011,48.0
Тамбовская область,2011,48.0
Тверская область,2011,67.0
Тульская область,2011,193.0
Ярославская область,2011,78.0
г. Москва,2011,61.0
Республика Карелия,2011,96.0
Республика Коми,2011,712.0
Архангельская область,2011,373.0
Вологодская область,2011,469.0
Калининградская область,2011,25.0
Ленинградская область,2011,216.0
Мурманская область,2011,263.0
Новгородская область,2011,42.0
Псковская область,2011,28.0
г. Санкт-Петербург,2011,69.0
Республика Адыгея,2011,4.0
Республика Калмыкия,2011,4.0
Краснодарский край,2011,161.0
Астраханская область,2011,132.0
Волгоградская область,2011,178.0
Ростовская область,2011,154.0
Республика Дагестан,2011,17.0
Республика Ингушетия,2011,0.1
Кабардино-Балкарская Республика,2011,2.0
Карачаево-Черкесская Республика,2011,25.0
Республика Северная Осетия - Алания,2011,4.0
Ставропольский край,2011,68.0
Республика Башкортостан,2011,406.0
Республика Марий Эл,2011,29.0
Республика Мордовия,2011,34.0
Республика Татарстан,2011,278.0
Удмуртская Республика,2011,104.0
Чувашская Республика,2011,28.0
Кировская область,2011,99.0
Нижегородская область,2011,142.0
Оренбургская область,2011,658.0
Пензенская область,2011,37.0
Самарская область,2011,292.0
Саратовская область,2011,109.0
Ульяновская область,2011,42.0
Курганская область,2011,47.0
Свердловская область,2011,1091.0
Тюменская область,2011,3293.0
Челябинская область,2011,694.0
Республика Алтай,2011,9.0
Республика Бурятия,2011,90.0
Республика Тыва,2011,19.0
Республика Хакасия,2011,90.0
Алтайский край,2011,204.0
Красноярский край,2011,2517.0
Иркутская область,2011,621.0
Кемеровская область,2011,1390.0
Новосибирская область,2011,234.0
Омская область,2011,236.0
Томская область,2011,379.0
Республика Саха (Якутия),2011,157.0
Приморский край,2011,225.0
Хабаровский край,2011,113.0
Амурская область,2011,134.0
Магаданская область,2011,25.0
Сахалинская область,2011,92.0
Еврейская автономная область,2011,25.0
Чукотский автономный округ,2011,22.0
Белгородская область,2012,134.0
Брянская область,2012,39.0
Владимирская область,2012,32.0
Воронежская область,2012,79.0
Ивановская область,2012,29.0
Калужская область,2012,13.0
Костромская область,2012,52.0
Курская область,2012,41.0
Липецкая область,2012,339.0
Московская область,2012,189.0
Орловская область,2012,11.0
Рязанская область,2012,124.0
Смоленская область,2012,46.0
Тамбовская область,2012,52.0
Тверская область,2012,63.0
Тульская область,2012,198.0
Ярославская область,2012,77.0
г. Москва,2012,72.0
Республика Карелия,2012,107.0
Республика Коми,2012,688.0
Архангельская область,2012,271.0
Вологодская область,2012,473.0
Калининградская область,2012,25.0
Ленинградская область,2012,229.0
Мурманская область,2012,259.0
Новгородская область,2012,45.0
Псковская область,2012,28.0
г. Санкт-Петербург,2012,69.0
Республика Адыгея,2012,6.0
Республика Калмыкия,2012,4.0
Краснодарский край,2012,216.0
Астраханская область,2012,134.0
Волгоградская область,2012,171.0
Ростовская область,2012,200.0
Республика Дагестан,2012,18.0
Республика Ингушетия,2012,0.2
Кабардино-Балкарская Республика,2012,3.0
Карачаево-Черкесская Республика,2012,22.0
Республика Северная Осетия - Алания,2012,4.0
Ставропольский край,2012,69.0
Республика Башкортостан,2012,403.0
Республика Марий Эл,2012,34.0
Республика Мордовия,2012,50.0
Республика Татарстан,2012,288.0
Удмуртская Республика,2012,172.0
Чувашская Республика,2012,33.0
Кировская область,2012,101.0
Нижегородская область,2012,146.0
Оренбургская область,2012,757.0
Пензенская область,2012,22.0
Самарская область,2012,276.0
Саратовская область,2012,128.0
Ульяновская область,2012,34.0
Курганская область,2012,41.0
Свердловская область,2012,1129.0
Тюменская область,2012,3520.0
Челябинская область,2012,678.0
Республика Алтай,2012,9.0
Республика Бурятия,2012,100.0
Республика Тыва,2012,20.0
Республика Хакасия,2012,94.0
Алтайский край,2012,216.0
Красноярский край,2012,2583.0
Иркутская область,2012,720.0
Кемеровская область,2012,1360.0
Новосибирская область,2012,225.0
Омская область,2012,240.0
Томская область,2012,323.0
Республика Саха (Якутия),2012,161.0
Приморский край,2012,209.0
Хабаровский край,2012,115.0
Амурская область,2012,127.0
Магаданская область,2012,29.0
Сахалинская область,2012,87.0
Еврейская автономная область,2012,25.0
Чукотский автономный округ,2012,21.0
Белгородская область,2013,118.0
Брянская область,2013,37.0
Владимирская область,2013,32.0
Воронежская область,2013,76.0
Ивановская область,2013,30.0
Калужская область,2013,15.0
Костромская область,2013,50.0
Курская область,2013,38.0
Липецкая область,2013,347.0
Московская область,2013,199.0
Орловская область,2013,24.0
Рязанская область,2013,103.0
Смоленская область,2013,59.0
Тамбовская область,2013,54.0
Тверская область,2013,60.0
Тульская область,2013,181.0
Ярославская область,2013,82.0
г. Москва,2013,66.0
Республика Карелия,2013,119.0
Республика Коми,2013,774.0
Архангельская область,2013,245.0
Вологодская область,2013,499.0
Калининградская область,2013,21.0
Ленинградская область,2013,245.0
Мурманская область,2013,270.0
Новгородская область,2013,45.0
Псковская область,2013,27.0
г. Санкт-Петербург,2013,72.0
Республика Адыгея,2013,9.0
Республика Калмыкия,2013,7.0
Краснодарский край,2013,205.0
Астраханская область,2013,130.0
Волгоградская область,2013,173.0
Ростовская область,2013,193.0
Республика Дагестан,2013,16.0
Республика Ингушетия,2013,0.6
Кабардино-Балкарская Республика,2013,2.0
Карачаево-Черкесская Республика,2013,21.0
Республика Северная Осетия - Алания,2013,5.0
Ставропольский край,2013,75.0
Республика Башкортостан,2013,449.0
Республика Марий Эл,2013,27.0
Республика Мордовия,2013,36.0
Республика Татарстан,2013,298.0
Удмуртская Республика,2013,172.0
Чувашская Республика,2013,29.0
Кировская область,2013,103.0
Нижегородская область,2013,126.0
Оренбургская область,2013,513.0
Пензенская область,2013,28.0
Самарская область,2013,261.0
Саратовская область,2013,99.0
Ульяновская область,2013,38.0
Курганская область,2013,55.0
Свердловская область,2013,1097.0
Тюменская область,2013,2751.0
Челябинская область,2013,667.0
Республика Алтай,2013,9.0
Республика Бурятия,2013,114.0
Республика Тыва,2013,19.0
Республика Хакасия,2013,90.0
Алтайский край,2013,201.0
Красноярский край,2013,2497.0
Иркутская область,2013,686.0
Кемеровская область,2013,1356.0
Новосибирская область,2013,196.0
Омская область,2013,214.0
Томская область,2013,306.0
Республика Саха (Якутия),2013,165.0
Приморский край,2013,181.0
Хабаровский край,2013,114.0
Амурская область,2013,125.0
Магаданская область,2013,29.0
Сахалинская область,2013,77.0
Еврейская автономная область,2013,24.0
Чукотский автономный округ,2013,21.0
Белгородская область,2014,127.0
Брянская область,2014,36.0
Владимирская область,2014,31.0
Воронежская область,2014,68.0
Ивановская область,2014,33.0
Калужская область,2014,19.0
Костромская область,2014,49.0
Курская область,2014,36.0
Липецкая область,2014,330.0
Московская область,2014,197.0
Орловская область,2014,15.0
Рязанская область,2014,108.0
Смоленская область,2014,53.0
Тамбовская область,2014,45.0
Тверская область,2014,69.0
Тульская область,2014,181.0
Ярославская область,2014,88.0
г. Москва,2014,68.0
Республика Карелия,2014,95.0
Республика Коми,2014,707.0
Архангельская область,2014,262.0
Вологодская область,2014,491.0
Калининградская область,2014,19.0
Ленинградская область,2014,272.0
Мурманская область,2014,276.0
Новгородская область,2014,43.0
Псковская область,2014,29.0
г. Санкт-Петербург,2014,71.0
Республика Адыгея,2014,10.0
Республика Калмыкия,2014,5.0
Краснодарский край,2014,189.0
Астраханская область,2014,118.0
Волгоградская область,2014,154.0
Ростовская область,2014,194.0
Республика Дагестан,2014,13.0
Республика Ингушетия,2014,0.4
Кабардино-Балкарская Республика,2014,2.0
Карачаево-Черкесская Республика,2014,16.0
Республика Северная Осетия - Алания,2014,3.0
Ставропольский край,2014,79.0
Республика Башкортостан,2014,459.0
Республика Марий Эл,2014,25.0
Республика Мордовия,2014,35.0
Республика Татарстан,2014,294.0
Удмуртская Республика,2014,176.0
Чувашская Республика,2014,36.0
Кировская область,2014,115.0
Нижегородская область,2014,126.0
Оренбургская область,2014,411.0
Пензенская область,2014,33.0
Самарская область,2014,266.0
Саратовская область,2014,120.0
Ульяновская область,2014,34.0
Курганская область,2014,43.0
Свердловская область,2014,1021.0
Тюменская область,2014,2181.0
Челябинская область,2014,653.0
Республика Алтай,2014,8.0
Республика Бурятия,2014,106.0
Республика Тыва,2014,19.0
Республика Хакасия,2014,84.0
Алтайский край,2014,203.0
Красноярский край,2014,2356.0
Иркутская область,2014,637.0
Кемеровская область,2014,1332.0
Новосибирская область,2014,208.0
Омская область,2014,204.0
Томская область,2014,290.0
Республика Саха (Якутия),2014,307.0
Приморский край,2014,190.0
Хабаровский край,2014,103.0
Амурская область,2014,132.0
Магаданская область,2014,30.0
Сахалинская область,2014,65.0
Еврейская автономная область,2014,18.0
Чукотский автономный округ,2014,18.0
Белгородская область,2015,118.0
Брянская область,2015,37.0
Владимирская область,2015,30.0
Воронежская область,2015,69.0
Ивановская область,2015,33.0
Калужская область,2015,26.0
Костромская область,2015,46.0
Курская область,2015,31.0
Липецкая область,2015,328.0
Московская область,2015,221.0
Орловская область,2015,13.0
Рязанская область,2015,98.0
Смоленская область,2015,59.0
Тамбовская область,2015,56.0
Тверская область,2015,60.0
Тульская область,2015,149.0
Ярославская область,2015,91.0
г. Москва,2015,63.0
Республика Карелия,2015,96.0
Республика Коми,2015,612.0
Архангельская область,2015,260.0
Вологодская область,2015,461.0
Калининградская область,2015,20.0
Ленинградская область,2015,247.0
Мурманская область,2015,276.0
Новгородская область,2015,70.0
Псковская область,2015,27.0
г. Санкт-Петербург,2015,73.0
Республика Адыгея,2015,11.0
Республика Калмыкия,2015,3.0
Краснодарский край,2015,191.0
Астраханская область,2015,119.0
Волгоградская область,2015,160.0
Ростовская область,2015,165.0
Республика Дагестан,2015,11.0
Республика Ингушетия,2015,0.4
Кабардино-Балкарская Республика,2015,3.0
Карачаево-Черкесская Республика,2015,15.0
Республика Северная Осетия - Алания,2015,5.0
Ставропольский край,2015,85.0
Республика Башкортостан,2015,435.0
Республика Марий Эл,2015,22.0
Республика Мордовия,2015,32.0
Республика Татарстан,2015,294.0
Удмуртская Республика,2015,148.0
Чувашская Республика,2015,27.0
Кировская область,2015,96.0
Нижегородская область,2015,133.0
Оренбургская область,2015,490.0
Пензенская область,2015,39.0
Самарская область,2015,261.0
Саратовская область,2015,118.0
Ульяновская область,2015,33.0
Курганская область,2015,52.0
Свердловская область,2015,984.0
Тюменская область,2015,2146.0
Челябинская область,2015,627.0
Республика Алтай,2015,8.0
Республика Бурятия,2015,109.0
Республика Тыва,2015,20.0
Республика Хакасия,2015,89.0
Алтайский край,2015,204.0
Красноярский край,2015,2476.0
Иркутская область,2015,639.0
Кемеровская область,2015,1344.0
Новосибирская область,2015,185.0
Омская область,2015,202.0
Томская область,2015,293.0
Республика Саха (Якутия),2015,287.0
Приморский край,2015,193.0
Хабаровский край,2015,116.0
Амурская область,2015,127.0
Магаданская область,2015,27.0
Сахалинская область,2015,72.0
Еврейская автономная область,2015,19.0
Чукотский автономный округ,2015,21.0
Белгородская область,2016,113.0
Брянская область,2016,39.0
Владимирская область,2016,33.0
Воронежская область,2016,73.0
Ивановская область,2016,27.0
Калужская область,2016,23.0
Костромская область,2016,50.0
Курская область,2016,39.0
Липецкая область,2016,320.0
Московская область,2016,253.0
Орловская область,2016,21.0
Рязанская область,2016,99.0
Смоленская область,2016,58.0
Тамбовская область,2016,56.0
Тверская область,2016,63.0
Тульская область,2016,142.0
Ярославская область,2016,86.0
г. Москва,2016,63.0
Республика Карелия,2016,116.0
Республика Коми,2016,569.0
Архангельская область,2016,245.0
Вологодская область,2016,441.0
Калининградская область,2016,21.0
Ленинградская область,2016,243.0
Мурманская область,2016,232.0
Новгородская область,2016,46.0
Псковская область,2016,33.0
г. Санкт-Петербург,2016,78.0
Республика Адыгея,2016,11.0
Республика Калмыкия,2016,2.0
Краснодарский край,2016,242.0
Астраханская область,2016,127.0
Волгоградская область,2016,161.0
Ростовская область,2016,169.0
Республика Дагестан,2016,14.0
Республика Ингушетия,2016,1.0
Кабардино-Балкарская Республика,2016,4.0
Карачаево-Черкесская Республика,2016,17.0
Республика Северная Осетия - Алания,2016,5.0
Ставропольский край,2016,88.0
Республика Башкортостан,2016,461.0
Республика Марий Эл,2016,36.0
Республика Мордовия,2016,41.0
Республика Татарстан,2016,338.0
Удмуртская Республика,2016,147.0
Чувашская Республика,2016,25.0
Кировская область,2016,99.0
Нижегородская область,2016,150.0
Оренбургская область,2016,512.0
Пензенская область,2016,44.0
Самарская область,2016,253.0
Саратовская область,2016,110.0
Ульяновская область,2016,33.0
Курганская область,2016,42.0
Свердловская область,2016,906.0
Тюменская область,2016,2292.0
Челябинская область,2016,597.0
Республика Алтай,2016,7.0
Республика Бурятия,2016,19.0
Республика Тыва,2016,92.0
Республика Хакасия,2016,213.0
Алтайский край,2016,2363.0
Красноярский край,2016,642.0
Иркутская область,2016,1349.0
Кемеровская область,2016,201.0
Новосибирская область,2016,200.0
Омская область,2016,301.0
Томская область,2016,1084.0
Республика Саха (Якутия),2016,257.0
Приморский край,2016,186.0
Хабаровский край,2016,114.0
Амурская область,2016,135.0
Магаданская область,2016,31.0
Сахалинская область,2016,77.0
Еврейская автономная область,2016,19.0
Чукотский автономный округ,2016,21.0
Белгородская область,2017,117.0
Брянская область,2017,47.0
Владимирская область,2017,37.0
Воронежская область,2017,76.0
Ивановская область,2017,23.0
Калужская область,2017,27.0
Костромская область,2017,54.0
Курская область,2017,40.0
Липецкая область,2017,326.0
Московская область,2017,227.0
Орловская область,2017,21.0
Рязанская область,2017,96.0
Смоленская область,2017,62.0
Тамбовская область,2017,63.0
Тверская область,2017,74.0
Тульская область,2017,120.0
Ярославская область,2017,76.0
г. Москва,2017,60.0
Республика Карелия,2017,114.0
Республика Коми,2017,451.0
Архангельская область,2017,251.0
Вологодская область,2017,429.0
Калининградская область,2017,26.0
Ленинградская область,2017,226.0
Мурманская область,2017,243.0
Новгородская область,2017,53.0
Псковская область,2017,35.0
г. Санкт-Петербург,2017,87.0
Республика Адыгея,2017,10.0
Республика Калмыкия,2017,3.0
Краснодарский край,2017,427.0
Астраханская область,2017,103.0
Волгоградская область,2017,138.0
Ростовская область,2017,195.0
Республика Дагестан,2017,14.0
Республика Ингушетия,2017,1.0
Кабардино-Балкарская Республика,2017,3.0
Карачаево-Черкесская Республика,2017,17.0
Республика Северная Осетия - Алания,2017,4.0
Ставропольский край,2017,95.0
Республика Башкортостан,2017,418.0
Республика Марий Эл,2017,35.0
Республика Мордовия,2017,54.0
Республика Татарстан,2017,286.0
Удмуртская Республика,2017,139.0
Чувашская Республика,2017,43.0
Кировская область,2017,98.0
Нижегородская область,2017,151.0
Оренбургская область,2017,475.0
Пензенская область,2017,37.0
Самарская область,2017,251.0
Саратовская область,2017,123.0
Ульяновская область,2017,34.0
Курганская область,2017,44.0
Свердловская область,2017,928.0
Тюменская область,2017,2336.0
Челябинская область,2017,533.0
Республика Алтай,2017,7.0
Республика Бурятия,2017,20.0
Республика Тыва,2017,115.0
Республика Хакасия,2017,204.0
Алтайский край,2017,2371.0
Красноярский край,2017,660.0
Иркутская область,2017,1488.0
Кемеровская область,2017,195.0
Новосибирская область,2017,193.0
Омская область,2017,263.0
Томская область,2017,1148.0
Республика Саха (Якутия),2017,244.0
Приморский край,2017,186.0
Хабаровский край,2017,118.0
Амурская область,2017,133.0
Магаданская область,2017,33.0
Сахалинская область,2017,105.0
Еврейская автономная область,2017,23.0
Чукотский автономный округ,2017,20.0
Белгородская область,2018,175.0
Брянская область,2018,40.0
Владимирская область,2018,42.0
Воронежская область,2018,104.0
Ивановская область,2018,22.0
Калужская область,2018,29.0
Костромская область,2018,32.0
Курская область,2018,51.0
Липецкая область,2018,316.0
Московская область,2018,223.0
Орловская область,2018,28.0
Рязанская область,2018,83.0
Смоленская область,2018,57.0
Тамбовская область,2018,56.0
Тверская область,2018,28.0
Тульская область,2018,109.0
Ярославская область,2018,73.0
г. Москва,2018,61.0
Республика Карелия,2018,124.0
Республика Коми,2018,488.0
Архангельская область,2018,204.0
Вологодская область,2018,376.0
Калининградская область,2018,24.0
Ленинградская область,2018,218.0
Мурманская область,2018,215.0
Новгородская область,2018,56.0
Псковская область,2018,37.0
г. Санкт-Петербург,2018,84.0
Республика Адыгея,2018,8.0
Республика Калмыкия,2018,4.0
Краснодарский край,2018,825.0
Астраханская область,2018,33.0
Волгоградская область,2018,145.0
Ростовская область,2018,57.0
Республика Дагестан,2018,14.0
Республика Ингушетия,2018,1.0
Кабардино-Балкарская Республика,2018,3.0
Карачаево-Черкесская Республика,2018,15.0
Республика Северная Осетия - Алания,2018,11.0
Ставропольский край,2018,95.0
Республика Башкортостан,2018,455.0
Республика Марий Эл,2018,38.0
Республика Мордовия,2018,38.0
Республика Татарстан,2018,394.0
Удмуртская Республика,2018,179.0
Чувашская Республика,2018,42.0
Кировская область,2018,94.0
Нижегородская область,2018,92.0
Оренбургская область,2018,508.0
Пензенская область,2018,27.0
Самарская область,2018,218.0
Саратовская область,2018,118.0
Ульяновская область,2018,31.0
Курганская область,2018,39.0
Свердловская область,2018,857.0
Тюменская область,2018,2308.0
Челябинская область,2018,488.0
Республика Алтай,2018,4.0
Республика Бурятия,2018,4.0
Республика Тыва,2018,107.0
Республика Хакасия,2018,192.0
Алтайский край,2018,2319.0
Красноярский край,2018,641.0
Иркутская область,2018,1384.0
Кемеровская область,2018,126.0
Новосибирская область,2018,202.0
Омская область,2018,238.0
Томская область,2018,1026.0
Республика Саха (Якутия),2018,256.0
Приморский край,2018,181.0
Хабаровский край,2018,84.0
Амурская область,2018,113.0
Магаданская область,2018,29.0
Сахалинская область,2018,85.0
Еврейская автономная область,2018,19.0
Чукотский автономный округ,2018,23.0
Белгородская область,2019,157.0
Брянская область,2019,46.0
Владимирская область,2019,54.0
Воронежская область,2019,105.0
Ивановская область,2019,17.0
Калужская область,2019,27.0
Костромская область,2019,44.0
Курская область,2019,58.0
Липецкая область,2019,310.0
Московская область,2019,189.0
Орловская область,2019,26.0
Рязанская область,2019,102.0
Смоленская область,2019,53.0
Тамбовская область,2019,73.0
Тверская область,2019,67.0
Тульская область,2019,107.0
Ярославская область,2019,92.0
г. Москва,2019,75.0
Республика Карелия,2019,122.0
Республика Коми,2019,392.0
Архангельская область,2019,204.0
Вологодская область,2019,413.0
Калининградская область,2019,23.0
Ленинградская область,2019,194.0
Мурманская область,2019,231.0
Новгородская область,2019,61.0
Псковская область,2019,40.0
г. Санкт-Петербург,2019,67.0
Республика Адыгея,2019,6.0
Республика Калмыкия,2019,6.0
Краснодарский край,2019,432.0
Астраханская область,2019,104.0
Волгоградская область,2019,144.0
Ростовская область,2019,158.0
Республика Дагестан,2019,13.0
Республика Ингушетия,2019,8.0
Кабардино-Балкарская Республика,2019,3.0
Карачаево-Черкесская Республика,2019,15.0
Республика Северная Осетия - Алания,2019,7.0
Ставропольский край,2019,102.0
Республика Башкортостан,2019,471.0
Республика Марий Эл,2019,37.0
Республика Мордовия,2019,51.0
Республика Татарстан,2019,290.0
Удмуртская Республика,2019,197.0
Чувашская Республика,2019,37.0
Кировская область,2019,89.0
Нижегородская область,2019,162.0
Оренбургская область,2019,452.0
Пензенская область,2019,28.0
Самарская область,2019,254.0
Саратовская область,2019,120.0
Ульяновская область,2019,28.0
Курганская область,2019,45.0
Свердловская область,2019,898.0
Тюменская область,2019,2220.0
Челябинская область,2019,493.0
Республика Алтай,2019,6.0
Республика Бурятия,2019,5.0
Республика Тыва,2019,105.0
Республика Хакасия,2019,169.0
Алтайский край,2019,2432.0
Красноярский край,2019,644.0
Иркутская область,2019,1760.0
Кемеровская область,2019,136.0
Новосибирская область,2019,151.0
Омская область,2019,225.0
Томская область,2019,1099.0
Республика Саха (Якутия),2019,288.0
Приморский край,2019,178.0
Хабаровский край,2019,112.0
Амурская область,2019,124.0
Магаданская область,2019,60.0
Сахалинская область,2019,57.0
Еврейская автономная область,2019,16.0
Чукотский автономный округ,2019,18.0
Белгородская область,2020,168.0
Брянская область,2020,47.0
Владимирская область,2020,60.0
Воронежская область,2020,116.0
Ивановская область,2020,25.0
Калужская область,2020,26.0
Костромская область,2020,45.0
Курская область,2020,53.0
Липецкая область,2020,322.0
Московская область,2020,203.0
Орловская область,2020,27.0
Рязанская область,2020,77.0
Смоленская область,2020,58.0
Тамбовская область,2020,69.0
Тверская область,2020,97.0
Тульская область,2020,119.0
Ярославская область,2020,84.0
г. Москва,2020,60.0
Республика Карелия,2020,129.0
Республика Коми,2020,350.0
Архангельская область,2020,191.0
Вологодская область,2020,377.0
Калининградская область,2020,21.0
Ленинградская область,2020,214.0
Мурманская область,2020,199.0
Новгородская область,2020,63.0
Псковская область,2020,37.0
г. Санкт-Петербург,2020,67.0
Республика Адыгея,2020,8.0
Республика Калмыкия,2020,3.0
Краснодарский край,2020,415.0
Астраханская область,2020,112.0
Волгоградская область,2020,175.0
Ростовская область,2020,175.0
Республика Дагестан,2020,10.0
Республика Ингушетия,2020,2.0
Кабардино-Балкарская Республика,2020,3.0
Карачаево-Черкесская Республика,2020,16.0
Республика Северная Осетия - Алания,2020,10.0
Ставропольский край,2020,110.0
Республика Башкортостан,2020,441.0
Республика Марий Эл,2020,55.0
Республика Мордовия,2020,59.0
Республика Татарстан,2020,325.0
Удмуртская Республика,2020,131.0
Чувашская Республика,2020,25.0
Кировская область,2020,87.0
Нижегородская область,2020,122.0
Оренбургская область,2020,405.0
Пензенская область,2020,33.0
Самарская область,2020,255.0
Саратовская область,2020,127.0
Ульяновская область,2020,31.0
Курганская область,2020,39.0
Свердловская область,2020,784.0
Тюменская область,2020,2183.0
Челябинская область,2020,457.0
Республика Алтай,2020,7.0
Республика Бурятия,2020,5.0
Республика Тыва,2020,110.0
Республика Хакасия,2020,175.0
Алтайский край,2020,2540.0
Красноярский край,2020,655.0
Иркутская область,2020,1612.0
Кемеровская область,2020,164.0
Новосибирская область,2020,147.0
Омская область,2020,177.0
Томская область,2020,1120.0
Республика Саха (Якутия),2020,286.0
Приморский край,2020,170.0
Хабаровский край,2020,121.0
Амурская область,2020,136.0
Магаданская область,2020,40.0
Сахалинская область,2020,64.0
Еврейская автономная область,2020,17.0
Чукотский автономный округ,2020,17.0
Белгородская область,2021,156.0
Брянская область,2021,44.0
Владимирская область,2021,62.0
Воронежская область,2021,111.0
Ивановская область,2021,25.0
Калужская область,2021,30.0
Костромская область,2021,41.0
Курская область,2021,56.0
Липецкая область,2021,322.0
Московская область,2021,171.0
Орловская область,2021,27.0
Рязанская область,2021,97.0
Смоленская область,2021,55.0
Тамбовская область,2021,68.0
Тверская область,2021,63.0
Тульская область,2021,116.0
Ярославская область,2021,87.0
г. Москва,2021,63.0
Республика Карелия,2021,136.0
Республика Коми,2021,370.0
Архангельская область,2021,197.0
Вологодская область,2021,380.0
Калининградская область,2021,23.0
Ленинградская область,2021,234.0
Мурманская область,2021,134.0
Новгородская область,2021,66.0
Псковская область,2021,39.0
г. Санкт-Петербург,2021,72.0
Республика Адыгея,2021,8.0
Республика Калмыкия,2021,4.0
Краснодарский край,2021,435.0
Астраханская область,2021,91.0
Волгоградская область,2021,223.0
Ростовская область,2021,177.0
Республика Дагестан,2021,11.0
Республика Ингушетия,2021,2.0
Кабардино-Балкарская Республика,2021,5.0
Карачаево-Черкесская Республика,2021,14.0
Республика Северная Осетия - Алания,2021,10.0
Ставропольский край,2021,124.0
Республика Башкортостан,2021,449.0
Республика Марий Эл,2021,39.0
Республика Мордовия,2021,53.0
Республика Татарстан,2021,323.0
Удмуртская Республика,2021,145.0
Чувашская Республика,2021,27.0
Кировская область,2021,89.0
Нижегородская область,2021,123.0
Оренбургская область,2021,433.0
Пензенская область,2021,29.0
Самарская область,2021,235.0
Саратовская область,2021,117.0
Ульяновская область,2021,31.0
Курганская область,2021,40.0
Свердловская область,2021,784.0
Тюменская область,2021,2343.0
Челябинская область,2021,467.0
Республика Алтай,2021,7.0
Республика Бурятия,2021,7.0
Республика Тыва,2021,110.0
Республика Хакасия,2021,177.0
Алтайский край,2021,2418.0
Красноярский край,2021,663.0
Иркутская область,2021,1603.0
Кемеровская область,2021,188.0
Новосибирская область,2021,159.0
Омская область,2021,178.0
Томская область,2021,1275.0
Республика Саха (Якутия),2021,390.0
Приморский край,2021,197.0
Хабаровский край,2021,125.0
Амурская область,2021,150.0
Магаданская область,2021,39.0
Сахалинская область,2021,62.0
Еврейская автономная область,2021,17.0
Чукотский автономный округ,2021,18.0
Белгородская область,2022,158.0
Брянская область,2022,54.0
Владимирская область,2022,73.0
Воронежская область,2022,115.0
Ивановская область,2022,25.0
Калужская область,2022,31.0
Костромская область,2022,40.0
Курская область,2022,51.0
Липецкая область,2022,300.0
Московская область,2022,169.0
Орловская область,2022,25.0
Рязанская область,2022,83.0
Смоленская область,2022,48.0
Тамбовская область,2022,62.0
Тверская область,2022,51.0
Тульская область,2022,110.0
Ярославская область,2022,87.0
г. Москва,2022,65.0
Республика Карелия,2022,134.0
Республика Коми,2022,352.0
Архангельская область,2022,206.0
Вологодская область,2022,352.0
Калининградская область,2022,27.0
Ленинградская область,2022,248.0
Мурманская область,2022,130.0
Новгородская область,2022,62.0
Псковская область,2022,42.0
г. Санкт-Петербург,2022,70.0
Республика Адыгея,2022,18.0
Республика Калмыкия,2022,3.0
Краснодарский край,2022,358.0
Астраханская область,2022,104.0
Волгоградская область,2022,217.0
Ростовская область,2022,125.0
Республика Дагестан,2022,7.0
Республика Ингушетия,2022,2.0
Кабардино-Балкарская Республика,2022,4.0
Карачаево-Черкесская Республика,2022,13.0
Республика Северная Осетия - Алания,2022,8.0
Ставропольский край,2022,107.0
Республика Башкортостан,2022,433.0
Республика Марий Эл,2022,33.0
Республика Мордовия,2022,50.0
Республика Татарстан,2022,320.0
Удмуртская Республика,2022,155.0
Чувашская Республика,2022,32.0
Кировская область,2022,86.0
Нижегородская область,2022,122.0
Оренбургская область,2022,398.0
Пензенская область,2022,31.0
Самарская область,2022,234.0
Саратовская область,2022,118.0
Ульяновская область,2022,25.0
Курганская область,2022,35.0
Свердловская область,2022,796.0
Тюменская область,2022,2337.0
Челябинская область,2022,425.0
Республика Алтай,2022,8.0
Республика Бурятия,2022,9.0
Республика Тыва,2022,107.0
Республика Хакасия,2022,195.0
Алтайский край,2022,2632.0
Красноярский край,2022,739.0
Иркутская область,2022,1593.0
Кемеровская область,2022,198.0
Новосибирская область,2022,165.0
Омская область,2022,160.0
Томская область,2022,1279.0
Республика Саха (Якутия),2022,338.0
Приморский край,2022,203.0
Хабаровский край,2022,146.0
Амурская область,2022,159.0
Магаданская область,2022,37.0
Сахалинская область,2022,74.0
Еврейская автономная область,2022,20.0
Чукотский автономный округ,2022,19.0
Белгородская область,2023,165.0
Брянская область,2023,55.0
Владимирская область,2023,75.0
Воронежская область,2023,120.0
Ивановская область,2023,27.0
Калужская область,2023,57.0
Костромская область,2023,44.0
Курская область,2023,54.0
Липецкая область,2023,308.0
Московская область,2023,205.0
Орловская область,2023,28.0
Рязанская область,2023,85.0
Смоленская область,2023,52.0
Тамбовская область,2023,76.0
Тверская область,2023,60.0
Тульская область,2023,108.0
Ярославская область,2023,101.0
г. Москва,2023,63.0
Республика Карелия,2023,135.0
Республика Коми,2023,344.0
Архангельская область,2023,187.0
Вологодская область,2023,367.0
Калининградская область,2023,30.0
Ленинградская область,2023,234.0
Мурманская область,2023,147.0
Новгородская область,2023,71.0
Псковская область,2023,43.0
г. Санкт-Петербург,2023,67.0
Республика Адыгея,2023,19.0
Республика Калмыкия,2023,5.0
Краснодарский край,2023,361.0
Астраханская область,2023,100.0
Волгоградская область,2023,172.0
Ростовская область,2023,128.0
Республика Дагестан,2023,12.0
Республика Ингушетия,2023,3.0
Кабардино-Балкарская Республика,2023,5.0
Карачаево-Черкесская Республика,2023,14.0
Республика Северная Осетия - Алания,2023,9.0
Ставропольский край,2023,99.0
Республика Башкортостан,2023,447.0
Республика Марий Эл,2023,44.0
Республика Мордовия,2023,58.0
Республика Татарстан,2023,320.0
Удмуртская Республика,2023,148.0
Чувашская Республика,2023,26.0
Кировская область,2023,89.0
Нижегородская область,2023,129.0
Оренбургская область,2023,366.0
Пензенская область,2023,38.0
Самарская область,2023,222.0
Саратовская область,2023,138.0
Ульяновская область,2023,27.0
Курганская область,2023,29.0
Свердловская область,2023,817.0
Тюменская область,2023,2223.0
Челябинская область,2023,410.0
Республика Алтай,2023,10.0
Республика Бурятия,2023,11.0
Республика Тыва,2023,111.0
Республика Хакасия,2023,179.0
Алтайский край,2023,2489.0
Красноярский край,2023,769.0
Иркутская область,2023,1429.0
Кемеровская область,2023,199.0
Новосибирская область,2023,159.0
Омская область,2023,157.0
Томская область,2023,1327.0
Республика Саха (Якутия),2023,374.0
Приморский край,2023,204.0
Хабаровский край,2023,144.0
Амурская область,2023,157.0
Магаданская область,2023,42.0
Сахалинская область,2023,81.0
Еврейская автономная область,2023,20.0
Чукотский автономный округ,2023,20.0
