region,year,living_wage
Белгородская область,2001,
Брянская область,2001,1258.0
Владимирская область,2001,1328.0
Воронежская область,2001,
Ивановская область,2001,1497.0
Калужская область,2001,1359.0
Костромская область,2001,1386.0
Курская область,2001,1456.0
Липецкая область,2001,1254.0
Московская область,2001,1653.0
Орловская область,2001,
Рязанская область,2001,1382.0
Смоленская область,2001,1380.0
Тамбовская область,2001,1302.0
Тверская область,2001,1443.0
Тульская область,2001,1273.0
Ярославская область,2001,
г. Москва,2001,2385.0
Республика Карелия,2001,
Республика Коми,2001,1989.0
Архангельская область,2001,1806.0
Вологодская область,2001,
Калининградская область,2001,1774.0
Ленинградская область,2001,
Мурманская область,2001,2359.0
Новгородская область,2001,
Псковская область,2001,1345.0
г. Санкт-Петербург,2001,
Республика Адыгея,2001,1292.0
Республика Калмыкия,2001,1399.0
Краснодарский край,2001,1400.0
Астраханская область,2001,1585.0
Волгоградская область,2001,
Ростовская область,2001,1384.0
Республика Дагестан,2001,1333.0
Республика Ингушетия,2001,1753.0
Кабардино-Балкарская Республика,2001,
Карачаево-Черкесская Республика,2001,1212.0
Республика Северная Осетия - Алания,2001,1237.0
Ставропольский край,2001,1389.0
Республика Башкортостан,2001,1353.0
Республика Марий Эл,2001,1324.0
Республика Мордовия,2001,1343.0
Республика Татарстан,2001,
Удмуртская Республика,2001,1383.0
Чувашская Республика,2001,1294.0
Кировская область,2001,1502.0
Нижегородская область,2001,1446.0
Оренбургская область,2001,
Пензенская область,2001,
Самарская область,2001,1661.0
Саратовская область,2001,1535.0
Ульяновская область,2001,1367.0
Курганская область,2001,1496.0
Свердловская область,2001,1703.0
Тюменская область,2001,
Челябинская область,2001,1620.0
Республика Алтай,2001,1445.0
Республика Бурятия,2001,
Республика Тыва,2001,
Республика Хакасия,2001,1703.0
Алтайский край,2001,1339.0
Красноярский край,2001,
Иркутская область,2001,1743.0
Кемеровская область,2001,1671.0
Новосибирская область,2001,1702.0
Омская область,2001,1439.0
Томская область,2001,1559.0
Республика Саха (Якутия),2001,
Приморский край,2001,
Хабаровский край,2001,
Амурская область,2001,1889.0
Магаданская область,2001,
Сахалинская область,2001,
Еврейская автономная область,2001,1799.0
Чукотский автономный округ,2001,
Белгородская область,2002,1576.0
Брянская область,2002,1540.0
Владимирская область,2002,1546.0
Воронежская область,2002,1693.0
Ивановская область,2002,1848.0
Калужская область,2002,1771.0
Костромская область,2002,1701.0
Курская область,2002,1762.0
Липецкая область,2002,1480.0
Московская область,2002,2115.0
Орловская область,2002,
Рязанская область,2002,1629.0
Смоленская область,2002,1694.0
Тамбовская область,2002,1509.0
Тверская область,2002,1808.0
Тульская область,2002,1496.0
Ярославская область,2002,1783.0
г. Москва,2002,2918.0
Республика Карелия,2002,2054.0
Республика Коми,2002,2404.0
Архангельская область,2002,2217.0
Вологодская область,2002,1859.0
Калининградская область,2002,1930.0
Ленинградская область,2002,1899.0
Мурманская область,2002,2996.0
Новгородская область,2002,1791.0
Псковская область,2002,1571.0
г. Санкт-Петербург,2002,2291.0
Республика Адыгея,2002,1449.0
Республика Калмыкия,2002,1637.0
Краснодарский край,2002,1676.0
Астраханская область,2002,1746.0
Волгоградская область,2002,1693.0
Ростовская область,2002,1715.0
Республика Дагестан,2002,1505.0
Республика Ингушетия,2002,1897.0
Кабардино-Балкарская Республика,2002,1517.0
Карачаево-Черкесская Республика,2002,1508.0
Республика Северная Осетия - Алания,2002,1445.0
Ставропольский край,2002,1680.0
Республика Башкортостан,2002,1574.0
Республика Марий Эл,2002,1562.0
Республика Мордовия,2002,1680.0
Республика Татарстан,2002,1599.0
Удмуртская Республика,2002,1687.0
Чувашская Республика,2002,1621.0
Кировская область,2002,1757.0
Нижегородская область,2002,1727.0
Оренбургская область,2002,1666.0
Пензенская область,2002,1677.0
Самарская область,2002,1977.0
Саратовская область,2002,1831.0
Ульяновская область,2002,1702.0
Курганская область,2002,1816.0
Свердловская область,2002,2034.0
Тюменская область,2002,
Челябинская область,2002,1833.0
Республика Алтай,2002,1812.0
Республика Бурятия,2002,2024.0
Республика Тыва,2002,1956.0
Республика Хакасия,2002,1949.0
Алтайский край,2002,1514.0
Красноярский край,2002,2084.0
Иркутская область,2002,2066.0
Кемеровская область,2002,2010.0
Новосибирская область,2002,2086.0
Омская область,2002,1782.0
Томская область,2002,1980.0
Республика Саха (Якутия),2002,3091.0
Приморский край,2002,2603.0
Хабаровский край,2002,
Амурская область,2002,2209.0
Магаданская область,2002,
Сахалинская область,2002,3351.0
Еврейская автономная область,2002,2200.0
Чукотский автономный округ,2002,
Белгородская область,2003,1714
Брянская область,2003,1757
Владимирская область,2003,1857
Воронежская область,2003,1810
Ивановская область,2003,2065
Калужская область,2003,2066
Костромская область,2003,1952
Курская область,2003,2164
Липецкая область,2003,1703
Московская область,2003,2380
Орловская область,2003,1728
Рязанская область,2003,1918
Смоленская область,2003,1925
Тамбовская область,2003,1683
Тверская область,2003,2061
Тульская область,2003,1784
Ярославская область,2003,1958
г. Москва,2003,3208
Республика Карелия,2003,2425
Республика Коми,2003,2823
Архангельская область,2003,2505
Вологодская область,2003,2026
Калининградская область,2003,2346
Ленинградская область,2003,2185
Мурманская область,2003,3377
Новгородская область,2003,2053
Псковская область,2003,1820
г. Санкт-Петербург,2003,2601
Республика Адыгея,2003,1665
Республика Калмыкия,2003,1756
Краснодарский край,2003,1910
Астраханская область,2003,1949
Волгоградская область,2003,1821
Ростовская область,2003,1961
Республика Дагестан,2003,1694
Республика Ингушетия,2003,2026
Кабардино-Балкарская Республика,2003,1624
Карачаево-Черкесская Республика,2003,1740
Республика Северная Осетия - Алания,2003,1535
Ставропольский край,2003,1962
Республика Башкортостан,2003,1780
Республика Марий Эл,2003,1748
Республика Мордовия,2003,1821
Республика Татарстан,2003,1764
Удмуртская Республика,2003,1979
Чувашская Республика,2003,1764
Кировская область,2003,2021
Нижегородская область,2003,2085
Оренбургская область,2003,1856
Пензенская область,2003,1800
Самарская область,2003,2246
Саратовская область,2003,2021
Ульяновская область,2003,1875
Курганская область,2003,2081
Свердловская область,2003,2173
Тюменская область,2003,
Челябинская область,2003,2046
Республика Алтай,2003,2103
Республика Бурятия,2003,2371
Республика Тыва,2003,2336
Республика Хакасия,2003,2169
Алтайский край,2003,1823
Красноярский край,2003,2579
Иркутская область,2003,2428
Кемеровская область,2003,2157
Новосибирская область,2003,2317
Омская область,2003,2012
Томская область,2003,2481
Республика Саха (Якутия),2003,3677
Приморский край,2003,2924
Хабаровский край,2003,3092
Амурская область,2003,2636
Магаданская область,2003,3562
Сахалинская область,2003,3887
Еврейская автономная область,2003,2593
Чукотский автономный округ,2003,
Белгородская область,2004,2019.0
Брянская область,2004,2000.0
Владимирская область,2004,2177.0
Воронежская область,2004,2109.0
Ивановская область,2004,2365.0
Калужская область,2004,2307.0
Костромская область,2004,2212.0
Курская область,2004,2334.0
Липецкая область,2004,1963.0
Московская область,2004,2817.0
Орловская область,2004,1980.0
Рязанская область,2004,2192.0
Смоленская область,2004,2165.0
Тамбовская область,2004,2016.0
Тверская область,2004,2361.0
Тульская область,2004,2108.0
Ярославская область,2004,2255.0
г. Москва,2004,3703.0
Республика Карелия,2004,2784.0
Республика Коми,2004,3229.0
Архангельская область,2004,2866.0
Вологодская область,2004,2354.0
Калининградская область,2004,2703.0
Ленинградская область,2004,2524.0
Мурманская область,2004,3798.0
Новгородская область,2004,2401.0
Псковская область,2004,2060.0
г. Санкт-Петербург,2004,2919.0
Республика Адыгея,2004,2074.0
Республика Калмыкия,2004,2079.0
Краснодарский край,2004,2278.0
Астраханская область,2004,2147.0
Волгоградская область,2004,1978.0
Ростовская область,2004,2180.0
Республика Дагестан,2004,1897.0
Республика Ингушетия,2004,2193.0
Кабардино-Балкарская Республика,2004,1823.0
Карачаево-Черкесская Республика,2004,1973.0
Республика Северная Осетия - Алания,2004,1841.0
Ставропольский край,2004,2244.0
Республика Башкортостан,2004,2001.0
Республика Марий Эл,2004,2001.0
Республика Мордовия,2004,2190.0
Республика Татарстан,2004,2012.0
Удмуртская Республика,2004,2178.0
Чувашская Республика,2004,2007.0
Кировская область,2004,2275.0
Нижегородская область,2004,2355.0
Оренбургская область,2004,2059.0
Пензенская область,2004,2123.0
Самарская область,2004,2630.0
Саратовская область,2004,2325.0
Ульяновская область,2004,2276.0
Курганская область,2004,2313.0
Свердловская область,2004,2432.0
Тюменская область,2004,2428.0
Челябинская область,2004,2303.0
Республика Алтай,2004,2458.0
Республика Бурятия,2004,2974.0
Республика Тыва,2004,2659.0
Республика Хакасия,2004,2464.0
Алтайский край,2004,2095.0
Красноярский край,2004,2865.0
Иркутская область,2004,2706.0
Кемеровская область,2004,2376.0
Новосибирская область,2004,2573.0
Омская область,2004,2153.0
Томская область,2004,2774.0
Республика Саха (Якутия),2004,4153.0
Приморский край,2004,3259.0
Хабаровский край,2004,3662.0
Амурская область,2004,3091.0
Магаданская область,2004,4008.0
Сахалинская область,2004,4435.0
Еврейская автономная область,2004,2940.0
Чукотский автономный округ,2004,
Белгородская область,2005,2369.0
Брянская область,2005,2342.0
Владимирская область,2005,2595.0
Воронежская область,2005,2485.0
Ивановская область,2005,2599.0
Калужская область,2005,2668.0
Костромская область,2005,2579.0
Курская область,2005,2535.0
Липецкая область,2005,2369.0
Московская область,2005,3227.0
Орловская область,2005,2333.0
Рязанская область,2005,2495.0
Смоленская область,2005,2510.0
Тамбовская область,2005,2303.0
Тверская область,2005,2720.0
Тульская область,2005,2478.0
Ярославская область,2005,2633.0
г. Москва,2005,4171.0
Республика Карелия,2005,3216.0
Республика Коми,2005,3750.0
Архангельская область,2005,3574.0
Вологодская область,2005,3011.0
Калининградская область,2005,3221.0
Ленинградская область,2005,2829.0
Мурманская область,2005,4820.0
Новгородская область,2005,2825.0
Псковская область,2005,2471.0
г. Санкт-Петербург,2005,3259.0
Республика Адыгея,2005,2540.0
Республика Калмыкия,2005,2340.0
Краснодарский край,2005,2739.0
Астраханская область,2005,2528.0
Волгоградская область,2005,2460.0
Ростовская область,2005,2648.0
Республика Дагестан,2005,2227.0
Республика Ингушетия,2005,2568.0
Кабардино-Балкарская Республика,2005,2231.0
Карачаево-Черкесская Республика,2005,2347.0
Республика Северная Осетия - Алания,2005,2091.0
Ставропольский край,2005,2594.0
Республика Башкортостан,2005,2390.0
Республика Марий Эл,2005,2305.0
Республика Мордовия,2005,2454.0
Республика Татарстан,2005,2460.0
Удмуртская Республика,2005,2463.0
Чувашская Республика,2005,2236.0
Кировская область,2005,2717.0
Нижегородская область,2005,2738.0
Оренбургская область,2005,2431.0
Пензенская область,2005,2497.0
Самарская область,2005,3152.0
Саратовская область,2005,2634.0
Ульяновская область,2005,2530.0
Курганская область,2005,2630.0
Свердловская область,2005,2861.0
Тюменская область,2005,2727.0
Челябинская область,2005,2571.0
Республика Алтай,2005,3016.0
Республика Бурятия,2005,3372.0
Республика Тыва,2005,3105.0
Республика Хакасия,2005,2899.0
Алтайский край,2005,2375.0
Красноярский край,2005,3250.0
Иркутская область,2005,2948.0
Кемеровская область,2005,2673.0
Новосибирская область,2005,3005.0
Омская область,2005,2898.0
Томская область,2005,3212.0
Республика Саха (Якутия),2005,4851.0
Приморский край,2005,3970.0
Хабаровский край,2005,4331.0
Амурская область,2005,3771.0
Магаданская область,2005,4756.0
Сахалинская область,2005,5118.0
Еврейская автономная область,2005,3594.0
Чукотский автономный округ,2005,
Белгородская область,2006,2901.0
Брянская область,2006,2873.0
Владимирская область,2006,3222.0
Воронежская область,2006,2813.0
Ивановская область,2006,3090.0
Калужская область,2006,3197.0
Костромская область,2006,2952.0
Курская область,2006,2849.0
Липецкая область,2006,2721.0
Московская область,2006,3775.0
Орловская область,2006,2629.0
Рязанская область,2006,2966.0
Смоленская область,2006,3187.0
Тамбовская область,2006,2736.0
Тверская область,2006,2990.0
Тульская область,2006,2795.0
Ярославская область,2006,2995.0
г. Москва,2006,5121.0
Республика Карелия,2006,3699.0
Республика Коми,2006,4525.0
Архангельская область,2006,4060.0
Вологодская область,2006,3450.0
Калининградская область,2006,3696.0
Ленинградская область,2006,3321.0
Мурманская область,2006,5333.0
Новгородская область,2006,3225.0
Псковская область,2006,2951.0
г. Санкт-Петербург,2006,3544.0
Республика Адыгея,2006,2962.0
Республика Калмыкия,2006,2664.0
Краснодарский край,2006,3278.0
Астраханская область,2006,2883.0
Волгоградская область,2006,2762.0
Ростовская область,2006,3086.0
Республика Дагестан,2006,2484.0
Республика Ингушетия,2006,2839.0
Кабардино-Балкарская Республика,2006,2558.0
Карачаево-Черкесская Республика,2006,2709.0
Республика Северная Осетия - Алания,2006,2638.0
Ставропольский край,2006,3050.0
Республика Башкортостан,2006,2973.0
Республика Марий Эл,2006,2789.0
Республика Мордовия,2006,2816.0
Республика Татарстан,2006,2695.0
Удмуртская Республика,2006,2947.0
Чувашская Республика,2006,2712.0
Кировская область,2006,3066.0
Нижегородская область,2006,3255.0
Оренбургская область,2006,2734.0
Пензенская область,2006,2999.0
Самарская область,2006,3727.0
Саратовская область,2006,2919.0
Ульяновская область,2006,2936.0
Курганская область,2006,2977.0
Свердловская область,2006,3324.0
Тюменская область,2006,3555.0
Челябинская область,2006,2939.0
Республика Алтай,2006,3841.0
Республика Бурятия,2006,4014.0
Республика Тыва,2006,3321.0
Республика Хакасия,2006,3275.0
Алтайский край,2006,3049.0
Красноярский край,2006,3716.0
Иркутская область,2006,3373.0
Кемеровская область,2006,2933.0
Новосибирская область,2006,3674.0
Омская область,2006,3375.0
Томская область,2006,3572.0
Республика Саха (Якутия),2006,5456.0
Приморский край,2006,4423.0
Хабаровский край,2006,4854.0
Амурская область,2006,4353.0
Магаданская область,2006,5329.0
Сахалинская область,2006,5974.0
Еврейская автономная область,2006,3894.0
Чукотский автономный округ,2006,
Белгородская область,2007,3306.0
Брянская область,2007,3405.0
Владимирская область,2007,3777.0
Воронежская область,2007,3607.0
Ивановская область,2007,3707.0
Калужская область,2007,3600.0
Костромская область,2007,3637.0
Курская область,2007,3422.0
Липецкая область,2007,3394.0
Московская область,2007,4467.0
Орловская область,2007,3176.0
Рязанская область,2007,3686.0
Смоленская область,2007,3723.0
Тамбовская область,2007,3076.0
Тверская область,2007,3877.0
Тульская область,2007,3633.0
Ярославская область,2007,3997.0
г. Москва,2007,5855.0
Республика Карелия,2007,4625.0
Республика Коми,2007,5167.0
Архангельская область,2007,4907.0
Вологодская область,2007,4073.0
Калининградская область,2007,4097.0
Ленинградская область,2007,3835.0
Мурманская область,2007,5930.0
Новгородская область,2007,3964.0
Псковская область,2007,3559.0
г. Санкт-Петербург,2007,4158.0
Республика Адыгея,2007,3531.0
Республика Калмыкия,2007,3317.0
Краснодарский край,2007,3832.0
Астраханская область,2007,3466.0
Волгоградская область,2007,3701.0
Ростовская область,2007,3728.0
Республика Дагестан,2007,3153.0
Республика Ингушетия,2007,3172.0
Кабардино-Балкарская Республика,2007,3034.0
Карачаево-Черкесская Республика,2007,3144.0
Республика Северная Осетия - Алания,2007,3029.0
Ставропольский край,2007,3523.0
Республика Башкортостан,2007,3371.0
Республика Марий Эл,2007,3277.0
Республика Мордовия,2007,3260.0
Республика Татарстан,2007,3172.0
Удмуртская Республика,2007,3605.0
Чувашская Республика,2007,3351.0
Кировская область,2007,3753.0
Нижегородская область,2007,3865.0
Оренбургская область,2007,3442.0
Пензенская область,2007,3448.0
Самарская область,2007,4279.0
Саратовская область,2007,3735.0
Ульяновская область,2007,3507.0
Курганская область,2007,3509.0
Свердловская область,2007,3902.0
Тюменская область,2007,3983.0
Челябинская область,2007,3578.0
Республика Алтай,2007,4525.0
Республика Бурятия,2007,4148.0
Республика Тыва,2007,4019.0
Республика Хакасия,2007,3723.0
Алтайский край,2007,3561.0
Красноярский край,2007,4178.0
Иркутская область,2007,3940.0
Кемеровская область,2007,3565.0
Новосибирская область,2007,4210.0
Омская область,2007,3929.0
Томская область,2007,4131.0
Республика Саха (Якутия),2007,6733.0
Приморский край,2007,5111.0
Хабаровский край,2007,5443.0
Амурская область,2007,5026.0
Магаданская область,2007,6276.0
Сахалинская область,2007,6606.0
Еврейская автономная область,2007,4674.0
Чукотский автономный округ,2007,
Белгородская область,2008,3839.0
Брянская область,2008,3983.0
Владимирская область,2008,4545.0
Воронежская область,2008,4180.0
Ивановская область,2008,4252.0
Калужская область,2008,4234.0
Костромская область,2008,4323.0
Курская область,2008,4042.0
Липецкая область,2008,4137.0
Московская область,2008,5170.0
Орловская область,2008,3743.0
Рязанская область,2008,4383.0
Смоленская область,2008,4474.0
Тамбовская область,2008,3493.0
Тверская область,2008,4470.0
Тульская область,2008,4354.0
Ярославская область,2008,4701.0
г. Москва,2008,6648.0
Республика Карелия,2008,5381.0
Республика Коми,2008,6198.0
Архангельская область,2008,5661.0
Вологодская область,2008,4851.0
Калининградская область,2008,4995.0
Ленинградская область,2008,4400.0
Мурманская область,2008,6960.0
Новгородская область,2008,4617.0
Псковская область,2008,4247.0
г. Санкт-Петербург,2008,4901.0
Республика Адыгея,2008,4102.0
Республика Калмыкия,2008,3700.0
Краснодарский край,2008,4458.0
Астраханская область,2008,4221.0
Волгоградская область,2008,4301.0
Ростовская область,2008,4339.0
Республика Дагестан,2008,3648.0
Республика Ингушетия,2008,3986.0
Кабардино-Балкарская Республика,2008,3538.0
Карачаево-Черкесская Республика,2008,3640.0
Республика Северная Осетия - Алания,2008,3570.0
Ставропольский край,2008,4331.0
Республика Башкортостан,2008,3974.0
Республика Марий Эл,2008,3933.0
Республика Мордовия,2008,3867.0
Республика Татарстан,2008,3846.0
Удмуртская Республика,2008,4065.0
Чувашская Республика,2008,3981.0
Кировская область,2008,4344.0
Нижегородская область,2008,4713.0
Оренбургская область,2008,4033.0
Пензенская область,2008,4072.0
Самарская область,2008,4984.0
Саратовская область,2008,4203.0
Ульяновская область,2008,4074.0
Курганская область,2008,4249.0
Свердловская область,2008,4714.0
Тюменская область,2008,4717.0
Челябинская область,2008,4320.0
Республика Алтай,2008,5512.0
Республика Бурятия,2008,4647.0
Республика Тыва,2008,4581.0
Республика Хакасия,2008,4448.0
Алтайский край,2008,4510.0
Красноярский край,2008,5232.0
Иркутская область,2008,4743.0
Кемеровская область,2008,4099.0
Новосибирская область,2008,4927.0
Омская область,2008,4528.0
Томская область,2008,4812.0
Республика Саха (Якутия),2008,7516.0
Приморский край,2008,6071.0
Хабаровский край,2008,6902.0
Амурская область,2008,5688.0
Магаданская область,2008,7506.0
Сахалинская область,2008,7531.0
Еврейская автономная область,2008,5386.0
Чукотский автономный округ,2008,
Белгородская область,2009,4172.0
Брянская область,2009,4311.0
Владимирская область,2009,4973.0
Воронежская область,2009,4924.0
Ивановская область,2009,4642.0
Калужская область,2009,4583.0
Костромская область,2009,4789.0
Курская область,2009,4493.0
Липецкая область,2009,4563.0
Московская область,2009,5850.0
Орловская область,2009,4145.0
Рязанская область,2009,4868.0
Смоленская область,2009,4977.0
Тамбовская область,2009,3805.0
Тверская область,2009,4968.0
Тульская область,2009,4752.0
Ярославская область,2009,5113.0
г. Москва,2009,7406.0
Республика Карелия,2009,5990.0
Республика Коми,2009,6798.0
Архангельская область,2009,6210.0
Вологодская область,2009,5270.0
Калининградская область,2009,5209.0
Ленинградская область,2009,4843.0
Мурманская область,2009,7579.0
Новгородская область,2009,4924.0
Псковская область,2009,4603.0
г. Санкт-Петербург,2009,5232.0
Республика Адыгея,2009,4393.0
Республика Калмыкия,2009,4311.0
Краснодарский край,2009,5253.0
Астраханская область,2009,4598.0
Волгоградская область,2009,4647.0
Ростовская область,2009,4744.0
Республика Дагестан,2009,4066.0
Республика Ингушетия,2009,4439.0
Кабардино-Балкарская Республика,2009,3847.0
Карачаево-Черкесская Республика,2009,4119.0
Республика Северная Осетия - Алания,2009,3895.0
Ставропольский край,2009,4820.0
Республика Башкортостан,2009,4274.0
Республика Марий Эл,2009,4292.0
Республика Мордовия,2009,4228.0
Республика Татарстан,2009,4101.0
Удмуртская Республика,2009,4342.0
Чувашская Республика,2009,4215.0
Кировская область,2009,4746.0
Нижегородская область,2009,5040.0
Оренбургская область,2009,4445.0
Пензенская область,2009,4341.0
Самарская область,2009,5408.0
Саратовская область,2009,4488.0
Ульяновская область,2009,4414.0
Курганская область,2009,4589.0
Свердловская область,2009,5201.0
Тюменская область,2009,5297.0
Челябинская область,2009,4595.0
Республика Алтай,2009,6670.0
Республика Бурятия,2009,4968.0
Республика Тыва,2009,5084.0
Республика Хакасия,2009,4890.0
Алтайский край,2009,5113.0
Красноярский край,2009,5889.0
Иркутская область,2009,5163.0
Кемеровская область,2009,4260.0
Новосибирская область,2009,5391.0
Омская область,2009,4869.0
Томская область,2009,5644.0
Республика Саха (Якутия),2009,8627.0
Приморский край,2009,6401.0
Хабаровский край,2009,7993.0
Амурская область,2009,6402.0
Магаданская область,2009,8638.0
Сахалинская область,2009,8362.0
Еврейская автономная область,2009,6116.0
Чукотский автономный округ,2009,
Белгородская область,2010,4777.0
Брянская область,2010,4933.0
Владимирская область,2010,5774.0
Воронежская область,2010,5594.0
Ивановская область,2010,5440.0
Калужская область,2010,5256.0
Костромская область,2010,5668.0
Курская область,2010,5120.0
Липецкая область,2010,5276.0
Московская область,2010,6585.0
Орловская область,2010,4813.0
Рязанская область,2010,5669.0
Смоленская область,2010,5817.0
Тамбовская область,2010,4199.0
Тверская область,2010,5633.0
Тульская область,2010,5374.0
Ярославская область,2010,5386.0
г. Москва,2010,8656.0
Республика Карелия,2010,6754.0
Республика Коми,2010,7556.0
Архангельская область,2010,7308.0
Вологодская область,2010,6066.0
Калининградская область,2010,5729.0
Ленинградская область,2010,5380.0
Мурманская область,2010,8432.0
Новгородская область,2010,5569.0
Псковская область,2010,5254.0
г. Санкт-Петербург,2010,5773.0
Республика Адыгея,2010,4914.0
Республика Калмыкия,2010,4956.0
Краснодарский край,2010,5737.0
Астраханская область,2010,5209.0
Волгоградская область,2010,5583.0
Ростовская область,2010,5442.0
Республика Дагестан,2010,4629.0
Республика Ингушетия,2010,4800.0
Кабардино-Балкарская Республика,2010,4726.0
Карачаево-Черкесская Республика,2010,4894.0
Республика Северная Осетия - Алания,2010,4776.0
Ставропольский край,2010,5539.0
Республика Башкортостан,2010,5255.0
Республика Марий Эл,2010,5098.0
Республика Мордовия,2010,5007.0
Республика Татарстан,2010,4733.0
Удмуртская Республика,2010,5090.0
Чувашская Республика,2010,5007.0
Кировская область,2010,5437.0
Нижегородская область,2010,5688.0
Оренбургская область,2010,5132.0
Пензенская область,2010,5163.0
Самарская область,2010,6191.0
Саратовская область,2010,5059.0
Ульяновская область,2010,5164.0
Курганская область,2010,5238.0
Свердловская область,2010,5946.0
Тюменская область,2010,5651.0
Челябинская область,2010,5234.0
Республика Алтай,2010,5612.0
Республика Бурятия,2010,5643.0
Республика Тыва,2010,5622.0
Республика Хакасия,2010,5434.0
Алтайский край,2010,5871.0
Красноярский край,2010,6557.0
Иркутская область,2010,5667.0
Кемеровская область,2010,4811.0
Новосибирская область,2010,6000.0
Омская область,2010,5028.0
Томская область,2010,6139.0
Республика Саха (Якутия),2010,9207.0
Приморский край,2010,6865.0
Хабаровский край,2010,8676.0
Амурская область,2010,7163.0
Магаданская область,2010,9236.0
Сахалинская область,2010,9084.0
Еврейская автономная область,2010,6752.0
Чукотский автономный округ,2010,
Белгородская область,2011,4959.0
Брянская область,2011,5128.0
Владимирская область,2011,5983.0
Воронежская область,2011,5662.0
Ивановская область,2011,5738.0
Калужская область,2011,5412.0
Костромская область,2011,5962.0
Курская область,2011,5180.0
Липецкая область,2011,5356.0
Московская область,2011,6801.0
Орловская область,2011,4966.0
Рязанская область,2011,5901.0
Смоленская область,2011,6574.0
Тамбовская область,2011,4593.0
Тверская область,2011,5837.0
Тульская область,2011,5493.0
Ярославская область,2011,5518.0
г. Москва,2011,9128.0
Республика Карелия,2011,7228.0
Республика Коми,2011,8226.0
Архангельская область,2011,7722.0
Вологодская область,2011,6346.0
Калининградская область,2011,5955.0
Ленинградская область,2011,5775.0
Мурманская область,2011,8737.0
Новгородская область,2011,5801.0
Псковская область,2011,6113.0
г. Санкт-Петербург,2011,6221.0
Республика Адыгея,2011,5100.0
Республика Калмыкия,2011,5331.0
Краснодарский край,2011,5976.0
Астраханская область,2011,5378.0
Волгоградская область,2011,5742.0
Ростовская область,2011,5824.0
Республика Дагестан,2011,4871.0
Республика Ингушетия,2011,4959.0
Кабардино-Балкарская Республика,2011,4918.0
Карачаево-Черкесская Республика,2011,5081.0
Республика Северная Осетия - Алания,2011,4984.0
Ставропольский край,2011,5802.0
Республика Башкортостан,2011,5407.0
Республика Марий Эл,2011,5114.0
Республика Мордовия,2011,5352.0
Республика Татарстан,2011,5001.0
Удмуртская Республика,2011,5277.0
Чувашская Республика,2011,5247.0
Кировская область,2011,5718.0
Нижегородская область,2011,5950.0
Оренбургская область,2011,5345.0
Пензенская область,2011,5338.0
Самарская область,2011,6420.0
Саратовская область,2011,5271.0
Ульяновская область,2011,5432.0
Курганская область,2011,5570.0
Свердловская область,2011,6513.0
Тюменская область,2011,6325.0
Челябинская область,2011,5552.0
Республика Алтай,2011,5870.0
Республика Бурятия,2011,6229.0
Республика Тыва,2011,5994.0
Республика Хакасия,2011,5895.0
Алтайский край,2011,5943.0
Красноярский край,2011,7028.0
Иркутская область,2011,6086.0
Кемеровская область,2011,5151.0
Новосибирская область,2011,6482.0
Омская область,2011,5258.0
Томская область,2011,6541.0
Республика Саха (Якутия),2011,10028.0
Приморский край,2011,7336.0
Хабаровский край,2011,9039.0
Амурская область,2011,7950.0
Магаданская область,2011,10249.0
Сахалинская область,2011,9864.0
Еврейская автономная область,2011,7394.0
Чукотский автономный округ,2011,
Белгородская область,2012,5256.0
Брянская область,2012,5423.0
Владимирская область,2012,6419.0
Воронежская область,2012,5756.0
Ивановская область,2012,6206.0
Калужская область,2012,5757.0
Костромская область,2012,6547.0
Курская область,2012,5456.0
Липецкая область,2012,5724.0
Московская область,2012,7223.0
Орловская область,2012,5236.0
Рязанская область,2012,6340.0
Смоленская область,2012,7199.0
Тамбовская область,2012,4870.0
Тверская область,2012,6301.0
Тульская область,2012,6137.0
Ярославская область,2012,6080.0
г. Москва,2012,9747.0
Республика Карелия,2012,7774.0
Республика Коми,2012,8293.0
Архангельская область,2012,8159.0
Вологодская область,2012,6847.0
Калининградская область,2012,6273.0
Ленинградская область,2012,6155.0
Мурманская область,2012,9315.0
Новгородская область,2012,6183.0
Псковская область,2012,6406.0
г. Санкт-Петербург,2012,6613.0
Республика Адыгея,2012,5525.0
Республика Калмыкия,2012,5722.0
Краснодарский край,2012,6332.0
Астраханская область,2012,5822.0
Волгоградская область,2012,6474.0
Ростовская область,2012,6233.0
Республика Дагестан,2012,5279.0
Республика Ингушетия,2012,5081.0
Кабардино-Балкарская Республика,2012,5138.0
Карачаево-Черкесская Республика,2012,5435.0
Республика Северная Осетия - Алания,2012,5468.0
Ставропольский край,2012,6259.0
Республика Башкортостан,2012,5755.0
Республика Марий Эл,2012,5427.0
Республика Мордовия,2012,5610.0
Республика Татарстан,2012,5622.0
Удмуртская Республика,2012,5753.0
Чувашская Республика,2012,5510.0
Кировская область,2012,6169.0
Нижегородская область,2012,6579.0
Оренбургская область,2012,5783.0
Пензенская область,2012,5589.0
Самарская область,2012,6903.0
Саратовская область,2012,5722.0
Ульяновская область,2012,5786.0
Курганская область,2012,6041.0
Свердловская область,2012,7005.0
Тюменская область,2012,6623.0
Челябинская область,2012,6149.0
Республика Алтай,2012,6505.0
Республика Бурятия,2012,6766.0
Республика Тыва,2012,6462.0
Республика Хакасия,2012,6405.0
Алтайский край,2012,6257.0
Красноярский край,2012,7715.0
Иркутская область,2012,6557.0
Кемеровская область,2012,5698.0
Новосибирская область,2012,6989.0
Омская область,2012,5773.0
Томская область,2012,7077.0
Республика Саха (Якутия),2012,10682.0
Приморский край,2012,7839.0
Хабаровский край,2012,9482.0
Амурская область,2012,8369.0
Магаданская область,2012,11001.0
Сахалинская область,2012,10034.0
Еврейская автономная область,2012,8252.0
Чукотский автономный округ,2012,
Белгородская область,2013,6106.0
Брянская область,2013,6543.0
Владимирская область,2013,6989.0
Воронежская область,2013,6043.0
Ивановская область,2013,7036.0
Калужская область,2013,6682.0
Костромская область,2013,6916.0
Курская область,2013,5925.0
Липецкая область,2013,6215.0
Московская область,2013,8072.0
Орловская область,2013,6443.0
Рязанская область,2013,6677.0
Смоленская область,2013,7663.0
Тамбовская область,2013,5230.0
Тверская область,2013,7121.0
Тульская область,2013,6740.0
Ярославская область,2013,6500.0
г. Москва,2013,10965.0
Республика Карелия,2013,8531.0
Республика Коми,2013,9496.0
Архангельская область,2013,10243.0
Вологодская область,2013,7474.0
Калининградская область,2013,7026.0
Ленинградская область,2013,6524.0
Мурманская область,2013,10113.0
Новгородская область,2013,7166.0
Псковская область,2013,7337.0
г. Санкт-Петербург,2013,7072.0
Республика Адыгея,2013,6282.0
Республика Калмыкия,2013,6823.0
Краснодарский край,2013,7155.0
Астраханская область,2013,6271.0
Волгоградская область,2013,6676.0
Ростовская область,2013,6988.0
Республика Дагестан,2013,6791.0
Республика Ингушетия,2013,6803.0
Кабардино-Балкарская Республика,2013,6573.0
Карачаево-Черкесская Республика,2013,6625.0
Республика Северная Осетия - Алания,2013,6496.0
Ставропольский край,2013,6543.0
Республика Башкортостан,2013,6446.0
Республика Марий Эл,2013,6198.0
Республика Мордовия,2013,6260.0
Республика Татарстан,2013,6278.0
Удмуртская Республика,2013,6375.0
Чувашская Республика,2013,6049.0
Кировская область,2013,6905.0
Нижегородская область,2013,6488.0
Оренбургская область,2013,6131.0
Пензенская область,2013,6057.0
Самарская область,2013,7482.0
Саратовская область,2013,6126.0
Ульяновская область,2013,6472.0
Курганская область,2013,6509.0
Свердловская область,2013,7238.0
Тюменская область,2013,7716.0
Челябинская область,2013,6936.0
Республика Алтай,2013,6924.0
Республика Бурятия,2013,7301.0
Республика Тыва,2013,8137.0
Республика Хакасия,2013,7101.0
Алтайский край,2013,6561.0
Красноярский край,2013,8249.0
Иркутская область,2013,7768.0
Кемеровская область,2013,6682.0
Новосибирская область,2013,7764.0
Омская область,2013,6302.0
Томская область,2013,7765.0
Республика Саха (Якутия),2013,11923.0
Приморский край,2013,9649.0
Хабаровский край,2013,10182.0
Амурская область,2013,9251.0
Магаданская область,2013,14084.0
Сахалинская область,2013,11083.0
Еврейская автономная область,2013,9532.0
Чукотский автономный округ,2013,
Белгородская область,2014,6842.0
Брянская область,2014,7565.0
Владимирская область,2014,7954.0
Воронежская область,2014,7026.0
Ивановская область,2014,8170.0
Калужская область,2014,7704.0
Костромская область,2014,7668.0
Курская область,2014,6754.0
Липецкая область,2014,7062.0
Московская область,2014,9150.0
Орловская область,2014,7334.0
Рязанская область,2014,7172.0
Смоленская область,2014,8695.0
Тамбовская область,2014,6850.0
Тверская область,2014,8282.0
Тульская область,2014,7579.0
Ярославская область,2014,7300.0
г. Москва,2014,12542.0
Республика Карелия,2014,9682.0
Республика Коми,2014,10817.0
Архангельская область,2014,11323.0
Вологодская область,2014,8578.0
Калининградская область,2014,8021.0
Ленинградская область,2014,6984.0
Мурманская область,2014,11627.0
Новгородская область,2014,7915.0
Псковская область,2014,8518.0
г. Санкт-Петербург,2014,8479.0
Республика Адыгея,2014,7164.0
Республика Калмыкия,2014,7750.0
Краснодарский край,2014,8027.0
Астраханская область,2014,7120.0
Волгоградская область,2014,7901.0
Ростовская область,2014,7967.0
Республика Дагестан,2014,7453.0
Республика Ингушетия,2014,7396.0
Кабардино-Балкарская Республика,2014,7357.0
Карачаево-Черкесская Республика,2014,7339.0
Республика Северная Осетия - Алания,2014,7284.0
Ставропольский край,2014,7154.0
Республика Башкортостан,2014,7234.0
Республика Марий Эл,2014,7201.0
Республика Мордовия,2014,6997.0
Республика Татарстан,2014,6988.0
Удмуртская Республика,2014,7324.0
Чувашская Республика,2014,6988.0
Кировская область,2014,7641.0
Нижегородская область,2014,7454.0
Оренбургская область,2014,6971.0
Пензенская область,2014,6839.0
Самарская область,2014,7954.0
Саратовская область,2014,6932.0
Ульяновская область,2014,7298.0
Курганская область,2014,7605.0
Свердловская область,2014,8025.0
Тюменская область,2014,8470.0
Челябинская область,2014,7944.0
Республика Алтай,2014,8175.0
Республика Бурятия,2014,8263.0
Республика Тыва,2014,8624.0
Республика Хакасия,2014,8006.0
Алтайский край,2014,7580.0
Красноярский край,2014,9186.0
Иркутская область,2014,8629.0
Кемеровская область,2014,7569.0
Новосибирская область,2014,8945.0
Омская область,2014,7253.0
Томская область,2014,8691.0
Республика Саха (Якутия),2014,13332.0
Приморский край,2014,10683.0
Хабаровский край,2014,11495.0
Амурская область,2014,9539.0
Магаданская область,2014,15415.0
Сахалинская область,2014,12213.0
Еврейская автономная область,2014,10870.0
Чукотский автономный округ,2014,13571.0
Белгородская область,2015,7918.0
Брянская область,2015,8723.0
Владимирская область,2015,8908.0
Воронежская область,2015,7884.0
Ивановская область,2015,9041.0
Калужская область,2015,8958.0
Костромская область,2015,8742.0
Курская область,2015,7916.0
Липецкая область,2015,8008.0
Московская область,2015,10460.0
Орловская область,2015,8419.0
Рязанская область,2015,8450.0
Смоленская область,2015,9918.0
Тамбовская область,2015,7834.0
Тверская область,2015,9427.0
Тульская область,2015,8626.0
Ярославская область,2015,8315.0
г. Москва,2015,14413.0
Республика Карелия,2015,11569.0
Республика Коми,2015,12069.0
Архангельская область,2015,12880.0
Вологодская область,2015,9678.0
Калининградская область,2015,9630.0
Ленинградская область,2015,8722.0
Мурманская область,2015,13582.0
Новгородская область,2015,9221.0
Псковская область,2015,10008.0
г. Санкт-Петербург,2015,10043.0
Республика Адыгея,2015,8211.0
Республика Калмыкия,2015,7934.0
Краснодарский край,2015,9261.0
Астраханская область,2015,8236.0
Волгоградская область,2015,8669.0
Ростовская область,2015,9109.0
Республика Дагестан,2015,8658.0
Республика Ингушетия,2015,8567.0
Кабардино-Балкарская Республика,2015,9366.0
Карачаево-Черкесская Республика,2015,8530.0
Республика Северная Осетия - Алания,2015,8578.0
Ставропольский край,2015,8027.0
Республика Башкортостан,2015,8428.0
Республика Марий Эл,2015,7863.0
Республика Мордовия,2015,7775.0
Республика Татарстан,2015,
Удмуртская Республика,2015,8473.0
Чувашская Республика,2015,8071.0
Кировская область,2015,9276.0
Нижегородская область,2015,8382.0
Оренбургская область,2015,8053.0
Пензенская область,2015,8120.0
Самарская область,2015,8873.0
Саратовская область,2015,7986.0
Ульяновская область,2015,8528.0
Курганская область,2015,8793.0
Свердловская область,2015,9670.0
Тюменская область,2015,9692.0
Челябинская область,2015,9038.0
Республика Алтай,2015,9260.0
Республика Бурятия,2015,9259.0
Республика Тыва,2015,9564.0
Республика Хакасия,2015,8905.0
Алтайский край,2015,8785.0
Красноярский край,2015,10598.0
Иркутская область,2015,9814.0
Кемеровская область,2015,8566.0
Новосибирская область,2015,10117.0
Омская область,2015,8338.0
Томская область,2015,10387.0
Республика Саха (Якутия),2015,15515.0
Приморский край,2015,12535.0
Хабаровский край,2015,13427.0
Амурская область,2015,11555.0
Магаданская область,2015,17469.0
Сахалинская область,2015,13533.0
Еврейская автономная область,2015,12228.0
Чукотский автономный округ,2015,16845.0
Белгородская область,2016,8099.0
Брянская область,2016,8971.0
Владимирская область,2016,9092.0
Воронежская область,2016,8121.0
Ивановская область,2016,9373.0
Калужская область,2016,9349.0
Костромская область,2016,9195.0
Курская область,2016,8258.0
Липецкая область,2016,8313.0
Московская область,2016,11021.0
Орловская область,2016,8739.0
Рязанская область,2016,8658.0
Смоленская область,2016,10074.0
Тамбовская область,2016,8268.0
Тверская область,2016,9590.0
Тульская область,2016,9035.0
Ярославская область,2016,8903.0
г. Москва,2016,15092.0
Республика Карелия,2016,12007.0
Республика Коми,2016,12128.0
Архангельская область,2016,10944.0
Вологодская область,2016,9980.0
Калининградская область,2016,9948.0
Ленинградская область,2016,9211.0
Мурманская область,2016,13562.0
Новгородская область,2016,9751.0
Псковская область,2016,10417.0
г. Санкт-Петербург,2016,10526.0
Республика Адыгея,2016,8521.0
Республика Калмыкия,2016,8372.0
Краснодарский край,2016,9603.0
Астраханская область,2016,8730.0
Волгоградская область,2016,8794.0
Ростовская область,2016,9414.0
Республика Дагестан,2016,9076.0
Республика Ингушетия,2016,8881.0
Кабардино-Балкарская Республика,2016,10183.0
Карачаево-Черкесская Республика,2016,8815.0
Республика Северная Осетия - Алания,2016,8896.0
Ставропольский край,2016,8148.0
Республика Башкортостан,2016,8323.0
Республика Марий Эл,2016,8682.0
Республика Мордовия,2016,7776.0
Республика Татарстан,2016,8108.0
Удмуртская Республика,2016,8594.0
Чувашская Республика,2016,8346.0
Кировская область,2016,9276.0
Нижегородская область,2016,8639.0
Оренбургская область,2016,8242.0
Пензенская область,2016,8398.0
Самарская область,2016,9664.0
Саратовская область,2016,8168.0
Ульяновская область,2016,8826.0
Курганская область,2016,9142.0
Свердловская область,2016,9973.0
Тюменская область,2016,9855.0
Челябинская область,2016,8984.0
Республика Алтай,2016,9353.0
Республика Бурятия,2016,9247.0
Республика Тыва,2016,9775.0
Республика Хакасия,2016,8958.0
Алтайский край,2016,8708.0
Красноярский край,2016,10821.0
Иркутская область,2016,9862.0
Кемеровская область,2016,8748.0
Новосибирская область,2016,10225.0
Омская область,2016,8442.0
Томская область,2016,10262.0
Республика Саха (Якутия),2016,16080.0
Приморский край,2016,12456.0
Хабаровский край,2016,12910.0
Амурская область,2016,11374.0
Магаданская область,2016,17764.0
Сахалинская область,2016,13728.0
Еврейская автономная область,2016,12574.0
Чукотский автономный округ,2016,17775.0
Белгородская область,2017,8281.0
Брянская область,2017,9279.0
Владимирская область,2017,9104.0
Воронежская область,2017,8034.0
Ивановская область,2017,9488.0
Калужская область,2017,9601.0
Костромская область,2017,9291.0
Курская область,2017,8476.0
Липецкая область,2017,8313.0
Московская область,2017,11365.0
Орловская область,2017,8932.0
Рязанская область,2017,8898.0
Смоленская область,2017,9664.0
Тамбовская область,2017,8214.0
Тверская область,2017,9665.0
Тульская область,2017,9065.0
Ярославская область,2017,8994.0
г. Москва,2017,15397.0
Республика Карелия,2017,12203.0
Республика Коми,2017,12539.0
Архангельская область,2017,11380.0
Вологодская область,2017,10234.0
Калининградская область,2017,10343.0
Ленинградская область,2017,9628.0
Мурманская область,2017,13787.0
Новгородская область,2017,9886.0
Псковская область,2017,10184.0
г. Санкт-Петербург,2017,10792.0
Республика Адыгея,2017,8579.0
Республика Калмыкия,2017,8551.0
Краснодарский край,2017,9925.0
Астраханская область,2017,9040.0
Волгоградская область,2017,8720.0
Ростовская область,2017,9262.0
Республика Дагестан,2017,9239.0
Республика Ингушетия,2017,9111.0
Кабардино-Балкарская Республика,2017,10140.0
Карачаево-Черкесская Республика,2017,8719.0
Республика Северная Осетия - Алания,2017,8742.0
Ставропольский край,2017,8248.0
Республика Башкортостан,2017,8318.0
Республика Марий Эл,2017,8742.0
Республика Мордовия,2017,7824.0
Республика Татарстан,2017,8334.0
Удмуртская Республика,2017,8453.0
Чувашская Республика,2017,8236.0
Кировская область,2017,9627.0
Нижегородская область,2017,8739.0
Оренбургская область,2017,8234.0
Пензенская область,2017,8326.0
Самарская область,2017,9400.0
Саратовская область,2017,8222.0
Ульяновская область,2017,9062.0
Курганская область,2017,9220.0
Свердловская область,2017,10031.0
Тюменская область,2017,10197.0
Челябинская область,2017,8962.0
Республика Алтай,2017,9405.0
Республика Бурятия,2017,9563.0
Республика Тыва,2017,9342.0
Республика Хакасия,2017,9133.0
Алтайский край,2017,8657.0
Красноярский край,2017,11043.0
Иркутская область,2017,9825.0
Кемеровская область,2017,8879.0
Новосибирская область,2017,10316.0
Омская область,2017,8464.0
Томская область,2017,10379.0
Республика Саха (Якутия),2017,16610.0
Приморский край,2017,12158.0
Хабаровский край,2017,12954.0
Амурская область,2017,11203.0
Магаданская область,2017,17635.0
Сахалинская область,2017,13329.0
Еврейская автономная область,2017,12161.0
Чукотский автономный округ,2017,20149.0
Белгородская область,2018,8480.0
Брянская область,2018,9655.0
Владимирская область,2018,9523.0
Воронежская область,2018,8612.0
Ивановская область,2018,9900.0
Калужская область,2018,10240.0
Костромская область,2018,9664.0
Курская область,2018,9058.0
Липецкая область,2018,8720.0
Московская область,2018,11764.0
Орловская область,2018,9513.0
Рязанская область,2018,9474.0
Смоленская область,2018,10148.0
Тамбовская область,2018,8722.0
Тверская область,2018,10171.0
Тульская область,2018,9815.0
Ярославская область,2018,9451.0
г. Москва,2018,16087.0
Республика Карелия,2018,12829.0
Республика Коми,2018,12948.0
Архангельская область,2018,11816.0
Вологодская область,2018,10698.0
Калининградская область,2018,10939.0
Ленинградская область,2018,10239.0
Мурманская область,2018,14649.0
Новгородская область,2018,10407.0
Псковская область,2018,10623.0
г. Санкт-Петербург,2018,11055.0
Республика Адыгея,2018,9012.0
Республика Калмыкия,2018,9120.0
Краснодарский край,2018,10228.0
Астраханская область,2018,9581.0
Волгоградская область,2018,9174.0
Ростовская область,2018,9657.0
Республика Дагестан,2018,9315.0
Республика Ингушетия,2018,9992.0
Кабардино-Балкарская Республика,2018,10497.0
Карачаево-Черкесская Республика,2018,9251.0
Республика Северная Осетия - Алания,2018,9014.0
Ставропольский край,2018,8622.0
Республика Башкортостан,2018,8784.0
Республика Марий Эл,2018,8849.0
Республика Мордовия,2018,8503.0
Республика Татарстан,2018,8709.0
Удмуртская Республика,2018,8975.0
Чувашская Республика,2018,8657.0
Кировская область,2018,9897.0
Нижегородская область,2018,9222.0
Оренбургская область,2018,8642.0
Пензенская область,2018,8774.0
Самарская область,2018,9872.0
Саратовская область,2018,8599.0
Ульяновская область,2018,9346.0
Курганская область,2018,9387.0
Свердловская область,2018,10217.0
Тюменская область,2018,10450.0
Челябинская область,2018,9330.0
Республика Алтай,2018,9752.0
Республика Бурятия,2018,10395.0
Республика Тыва,2018,9949.0
Республика Хакасия,2018,9876.0
Алтайский край,2018,9334.0
Красноярский край,2018,11642.0
Иркутская область,2018,10698.0
Кемеровская область,2018,9108.0
Новосибирская область,2018,10552.0
Омская область,2018,8942.0
Томская область,2018,10595.0
Республика Саха (Якутия),2018,16667.0
Приморский край,2018,12623.0
Хабаровский край,2018,13497.0
Амурская область,2018,11172.0
Магаданская область,2018,18910.0
Сахалинская область,2018,14072.0
Еврейская автономная область,2018,13051.0
Чукотский автономный округ,2018,21606.0
Белгородская область,2019,9236.0
Брянская область,2019,10320.0
Владимирская область,2019,9901.0
Воронежская область,2019,8894.0
Ивановская область,2019,9839.0
Калужская область,2019,10565.0
Костромская область,2019,10128.0
Курская область,2019,9449.0
Липецкая область,2019,9169.0
Московская область,2019,12272.0
Орловская область,2019,9810.0
Рязанская область,2019,9615.0
Смоленская область,2019,10330.0
Тамбовская область,2019,9805.0
Тверская область,2019,10400.0
Тульская область,2019,10326.0
Ярославская область,2019,9780.0
г. Москва,2019,16843.0
Республика Карелия,2019,13307.0
Республика Коми,2019,13791.0
Архангельская область,2019,12334.0
Вологодская область,2019,10691.0
Калининградская область,2019,11392.0
Ленинградская область,2019,11028.0
Мурманская область,2019,16688.0
Новгородская область,2019,10673.0
Псковская область,2019,10633.0
г. Санкт-Петербург,2019,11500.0
Республика Адыгея,2019,9119.0
Республика Калмыкия,2019,9700.0
Краснодарский край,2019,10621.0
Астраханская область,2019,10114.0
Волгоградская область,2019,9322.0
Ростовская область,2019,10039.0
Республика Дагестан,2019,9766.0
Республика Ингушетия,2019,10012.0
Кабардино-Балкарская Республика,2019,10872.0
Карачаево-Черкесская Республика,2019,9655.0
Республика Северная Осетия - Алания,2019,9231.0
Ставропольский край,2019,8973.0
Республика Башкортостан,2019,9222.0
Республика Марий Эл,2019,9258.0
Республика Мордовия,2019,9181.0
Республика Татарстан,2019,8938.0
Удмуртская Республика,2019,9455.0
Чувашская Республика,2019,9285.0
Кировская область,2019,10330.0
Нижегородская область,2019,9699.0
Оренбургская область,2019,8991.0
Пензенская область,2019,9179.0
Самарская область,2019,10148.0
Саратовская область,2019,8809.0
Ульяновская область,2019,9630.0
Курганская область,2019,9795.0
Свердловская область,2019,10186.0
Тюменская область,2019,11019.0
Челябинская область,2019,10038.0
Республика Алтай,2019,10041.0
Республика Бурятия,2019,11274.0
Республика Тыва,2019,10384.0
Республика Хакасия,2019,10809.0
Алтайский край,2019,9704.0
Красноярский край,2019,12290.0
Иркутская область,2019,11365.0
Кемеровская область,2019,9764.0
Новосибирская область,2019,11018.0
Омская область,2019,9570.0
Томская область,2019,11140.0
Республика Саха (Якутия),2019,17286.0
Приморский край,2019,13270.0
Хабаровский край,2019,14417.0
Амурская область,2019,12379.0
Магаданская область,2019,19695.0
Сахалинская область,2019,14898.0
Еврейская автономная область,2019,14329.0
Чукотский автономный округ,2019,22098.0
Белгородская область,2020,9593.0
Брянская область,2020,10950.0
Владимирская область,2020,10808.0
Воронежская область,2020,9053.0
Ивановская область,2020,10581.0
Калужская область,2020,10964.0
Костромская область,2020,11010.0
Курская область,2020,9997.0
Липецкая область,2020,9828.0
Московская область,2020,13169.0
Орловская область,2020,10378.0
Рязанская область,2020,10785.0
Смоленская область,2020,10752.0
Тамбовская область,2020,10178.0
Тверская область,2020,11138.0
Тульская область,2020,10999.0
Ярославская область,2020,10668.0
г. Москва,2020,17740.0
Республика Карелия,2020,14196.0
Республика Коми,2020,14567.0
Архангельская область,2020,13304.0
Вологодская область,2020,11428.0
Калининградская область,2020,12084.0
Ленинградская область,2020,11289.0
Мурманская область,2020,17723.0
Новгородская область,2020,11352.0
Псковская область,2020,11441.0
г. Санкт-Петербург,2020,11910.0
Республика Адыгея,2020,9876.0
Республика Калмыкия,2020,10443.0
Краснодарский край,2020,11261.0
Астраханская область,2020,10793.0
Волгоградская область,2020,9864.0
Ростовская область,2020,10787.0
Республика Дагестан,2020,10465.0
Республика Ингушетия,2020,10353.0
Кабардино-Балкарская Республика,2020,11311.0
Карачаево-Черкесская Республика,2020,10277.0
Республика Северная Осетия - Алания,2020,9854.0
Ставропольский край,2020,9777.0
Республика Башкортостан,2020,9834.0
Республика Марий Эл,2020,9846.0
Республика Мордовия,2020,9378.0
Республика Татарстан,2020,9600.0
Удмуртская Республика,2020,10314.0
Чувашская Республика,2020,9804.0
Кировская область,2020,10710.0
Нижегородская область,2020,10372.0
Оренбургская область,2020,9760.0
Пензенская область,2020,9610.0
Самарская область,2020,10962.0
Саратовская область,2020,9631.0
Ульяновская область,2020,10306.0
Курганская область,2020,10452.0
Свердловская область,2020,10817.0
Тюменская область,2020,14740.0
Челябинская область,2020,11232.0
Республика Алтай,2020,10697.0
Республика Бурятия,2020,12333.0
Республика Тыва,2020,10674.0
Республика Хакасия,2020,11795.0
Алтайский край,2020,10211.0
Красноярский край,2020,13053.0
Иркутская область,2020,11982.0
Кемеровская область,2020,10403.0
Новосибирская область,2020,11845.0
Омская область,2020,10324.0
Томская область,2020,11850.0
Республика Саха (Якутия),2020,17824.0
Приморский край,2020,14025.0
Хабаровский край,2020,15569.0
Амурская область,2020,13530.0
Магаданская область,2020,20830.0
Сахалинская область,2020,16130.0
Еврейская автономная область,2020,15416.0
Чукотский автономный округ,2020,23999.0
Белгородская область,2021,9720.0
Брянская область,2021,11280.0
Владимирская область,2021,11093.0
Воронежская область,2021,9747.0
Ивановская область,2021,10761.0
Калужская область,2021,11618.0
Костромская область,2021,11241.0
Курская область,2021,10459.0
Липецкая область,2021,9945.0
Московская область,2021,13580.0
Орловская область,2021,10722.0
Рязанская область,2021,10785.0
Смоленская область,2021,11201.0
Тамбовская область,2021,10221.0
Тверская область,2021,11234.14
Тульская область,2021,11134.0
Ярославская область,2021,10742.0
г. Москва,2021,18029.0
Республика Карелия,2021,14467.0
Республика Коми,2021,14567.0
Архангельская область,2021,13857.0
Вологодская область,2021,11767.0
Калининградская область,2021,12067.0
Ленинградская область,2021,11289.0
Мурманская область,2021,18625.0
Новгородская область,2021,11408.0
Псковская область,2021,11807.0
г. Санкт-Петербург,2021,11910.4
Республика Адыгея,2021,9779.0
Республика Калмыкия,2021,10631.0
Краснодарский край,2021,11397.0
Астраханская область,2021,11069.0
Волгоградская область,2021,10158.0
Ростовская область,2021,11053.0
Республика Дагестан,2021,10628.0
Республика Ингушетия,2021,10964.0
Кабардино-Балкарская Республика,2021,12576.0
Карачаево-Черкесская Республика,2021,10451.0
Республика Северная Осетия - Алания,2021,10596.0
Ставропольский край,2021,10081.0
Республика Башкортостан,2021,10015.0
Республика Марий Эл,2021,10184.0
Республика Мордовия,2021,9716.0
Республика Татарстан,2021,9955.0
Удмуртская Республика,2021,10465.0
Чувашская Республика,2021,9804.0
Кировская область,2021,10710.0
Нижегородская область,2021,10833.0
Оренбургская область,2021,9938.0
Пензенская область,2021,9610.0
Самарская область,2021,10979.0
Саратовская область,2021,9844.0
Ульяновская область,2021,10642.0
Курганская область,2021,10696.0
Свердловская область,2021,11206.0
Тюменская область,2021,11748.0
Челябинская область,2021,11430.0
Республика Алтай,2021,10838.0
Республика Бурятия,2021,12810.0
Республика Тыва,2021,11494.0
Республика Хакасия,2021,11784.0
Алтайский край,2021,10665.0
Красноярский край,2021,13409.0
Иркутская область,2021,12243.0
Кемеровская область,2021,10727.0
Новосибирская область,2021,12284.0
Омская область,2021,10635.0
Томская область,2021,12218.0
Республика Саха (Якутия),2021,18368.0
Приморский край,2021,13963.0
Хабаровский край,2021,16222.0
Амурская область,2021,14017.0
Магаданская область,2021,21102.0
Сахалинская область,2021,15906.0
Еврейская автономная область,2021,16386.0
Чукотский автономный округ,2021,24164.0
Белгородская область,2022,11692.0
Брянская область,2022,13127.0
Владимирская область,2022,13501.0
Воронежская область,2022,11832.0
Ивановская область,2022,12806.0
Калужская область,2022,13363.0
Костромская область,2022,12860.0
Курская область,2022,12110.0
Липецкая область,2022,11553.0
Московская область,2022,16223.0
Орловская область,2022,12945.0
Рязанская область,2022,12388.0
Смоленская область,2022,13363.0
Тамбовская область,2022,12210.0
Тверская область,2022,13363.0
Тульская область,2022,13641.0
Ярославская область,2022,13085.0
г. Москва,2022,20585.0
Республика Карелия,2022,16614.0
Республика Коми,2022,16905.0
Архангельская область,2022,16147.0
Вологодская область,2022,14059.0
Калининградская область,2022,14337.0
Ленинградская область,2022,14059.0
Мурманская область,2022,22250.0
Новгородская область,2022,13641.0
Псковская область,2022,13780.0
г. Санкт-Петербург,2022,14476.0
Республика Адыгея,2022,11970.0
Республика Калмыкия,2022,12945.0
Краснодарский край,2022,13363.0
Астраханская область,2022,13501.0
Волгоградская область,2022,11970.0
Ростовская область,2022,13085.0
Республика Дагестан,2022,12667.0
Республика Ингушетия,2022,13085.0
Кабардино-Балкарская Республика,2022,14894.0
Карачаево-Черкесская Республика,2022,12627.0
Республика Северная Осетия - Алания,2022,12528.0
Ставропольский край,2022,
Республика Башкортостан,2022,12110.0
Республика Марий Эл,2022,12250.0
Республика Мордовия,2022,11832.0
Республика Татарстан,2022,11832.0
Удмуртская Республика,2022,12388.0
Чувашская Республика,2022,11832.0
Кировская область,2022,12388.0
Нижегородская область,2022,13085.0
Оренбургская область,2022,12110.0
Пензенская область,2022,11692.0
Самарская область,2022,13085.0
Саратовская область,2022,11692.0
Ульяновская область,2022,12388.0
Курганская область,2022,13085.0
Свердловская область,2022,13501.0
Тюменская область,2022,13919.0
Челябинская область,2022,13076.0
Республика Алтай,2022,13085.0
Республика Бурятия,2022,15172.0
Республика Тыва,2022,14059.0
Республика Хакасия,2022,14198.0
Алтайский край,2022,12388.0
Красноярский край,2022,15451.0
Иркутская область,2022,14754.0
Кемеровская область,2022,12667.0
Новосибирская область,2022,14053.0
Омская область,2022,12436.0
Томская область,2022,14004.0
Республика Саха (Якутия),2022,21019.0
Приморский край,2022,16564.0
Хабаровский край,2022,18558.0
Амурская область,2022,16174.0
Магаданская область,2022,24220.0
Сахалинская область,2022,18930.0
Еврейская автономная область,2022,18758.0
Чукотский автономный округ,2022,31736.0
Белгородская область,2023,12075.0
Брянская область,2023,13560.0
Владимирская область,2023,13944.0
Воронежская область,2023,12363.0
Ивановская область,2023,13369.0
Калужская область,2023,13800.0
Костромская область,2023,13284.0
Курская область,2023,12506.0
Липецкая область,2023,11931.0
Московская область,2023,17277.0
Орловская область,2023,13369.0
Рязанская область,2023,12794.0
Смоленская область,2023,13944.0
Тамбовская область,2023,12796.0
Тверская область,2023,13944.0
Тульская область,2023,14231.0
Ярославская область,2023,13800.0
г. Москва,2023,21718.0
Республика Карелия,2023,17877.0
Республика Коми,2023,17463.0
Архангельская область,2023,16675.0
Вологодская область,2023,14519.0
Калининградская область,2023,14806.0
Ленинградская область,2023,14806.0
Мурманская область,2023,23474.0
Новгородская область,2023,14088.0
Псковская область,2023,14231.0
г. Санкт-Петербург,2023,15094.0
Республика Адыгея,2023,12363.0
Республика Калмыкия,2023,13656.0
Краснодарский край,2023,13800.0
Астраханская область,2023,13944.0
Волгоградская область,2023,12363.0
Ростовская область,2023,13513.0
Республика Дагестан,2023,13081.0
Республика Ингушетия,2023,13513.0
Кабардино-Балкарская Республика,2023,15381.0
Карачаево-Черкесская Республика,2023,13225.0
Республика Северная Осетия - Алания,2023,12938.0
Ставропольский край,2023,12938.0
Республика Башкортостан,2023,12650.0
Республика Марий Эл,2023,12650.0
Республика Мордовия,2023,12219.0
Республика Татарстан,2023,12219.0
Удмуртская Республика,2023,12794.0
Чувашская Республика,2023,12363.0
Кировская область,2023,12794.0
Нижегородская область,2023,13513.0
Оренбургская область,2023,12506.0
Пензенская область,2023,12075.0
Самарская область,2023,13513.0
Саратовская область,2023,12075.0
Ульяновская область,2023,12794.0
Курганская область,2023,13513.0
Свердловская область,2023,14088.0
Тюменская область,2023,14375.0
Челябинская область,2023,13730.0
Республика Алтай,2023,13513.0
Республика Бурятия,2023,15669.0
Республика Тыва,2023,14519.0
Республика Хакасия,2023,14663.0
Алтайский край,2023,12794.0
Красноярский край,2023,15956.0
Иркутская область,2023,15238.0
Кемеровская область,2023,13081.0
Новосибирская область,2023,14728.0
Омская область,2023,13195.0
Томская область,2023,14466.0
Республика Саха (Якутия),2023,21706.0
Приморский край,2023,17106.0
Хабаровский край,2023,19170.0
Амурская область,2023,17047.0
Магаданская область,2023,25013.0
Сахалинская область,2023,19550.0
Еврейская автономная область,2023,19377.0
Чукотский автономный округ,2023,35938.0
