region,year,opzh,vrp,real_wage_index
Белгородская область,2000,68.07,42074.5,117.0
Брянская область,2000,64.68,24650.5,116.2
Владимирская область,2000,63.44,33017.7,121.6
Воронежская область,2000,66.54,49523.9,116.7
Ивановская область,2000,62.57,16900.0,117.5
Калужская область,2000,64.27,23903.3,125.9
Костромская область,2000,63.98,16662.2,110.9
Курская область,2000,65.32,30167.7,111.3
Липецкая область,2000,66.81,48067.7,122.1
Московская область,2000,65.38,176693.6,119.5
Орловская область,2000,65.58,22160.8,122.4
Рязанская область,2000,64.87,27956.5,118.0
Смоленская область,2000,62.94,28140.6,115.9
Тамбовская область,2000,64.96,23387.3,112.2
Тверская область,2000,62.46,35341.1,115.8
Тульская область,2000,63.09,42061.3,121.4
Ярославская область,2000,65.19,41756.2,124.9
г. Москва,2000,69.81,1159034.0,110.2
Республика Карелия,2000,62.88,28214.6,117.1
Республика Коми,2000,63.53,59473.1,124.2
Архангельская область,2000,62.77,61806.9,121.0
Вологодская область,2000,65.65,69195.5,128.0
Калининградская область,2000,63.57,23290.3,114.9
Ленинградская область,2000,63.04,56001.9,120.6
Мурманская область,2000,64.51,55135.0,115.4
Новгородская область,2000,62.81,20965.5,114.1
Псковская область,2000,61.85,16178.9,118.4
г. Санкт-Петербург,2000,66.7,188243.0,120.6
Республика Адыгея,2000,67.6,5519.6,115.0
Республика Калмыкия,2000,65.41,6212.6,123.6
Краснодарский край,2000,67.07,137125.3,121.0
Астраханская область,2000,65.25,28115.7,125.1
Волгоградская область,2000,66.44,63767.1,124.0
Ростовская область,2000,66.5,88955.0,123.4
Республика Дагестан,2000,70.98,20921.1,152.1
Республика Ингушетия,2000,71.98,2618.5,123.9
Кабардино-Балкарская Республика,2000,69.13,14081.3,120.0
Карачаево-Черкесская Республика,2000,68.4,5461.5,117.2
Республика Северная Осетия - Алания,2000,68.42,8363.2,119.9
Ставропольский край,2000,68.01,53732.4,122.4
Республика Башкортостан,2000,66.7,145125.0,126.0
Республика Марий Эл,2000,64.64,11207.6,108.9
Республика Мордовия,2000,66.87,17553.4,113.1
Республика Татарстан,2000,67.58,186154.4,125.1
Удмуртская Республика,2000,65.82,53307.4,120.5
Чувашская Республика,2000,66.39,22995.1,111.6
Кировская область,2000,65.73,35795.4,117.9
Нижегородская область,2000,65.05,105055.9,108.2
Оренбургская область,2000,64.97,76343.3,122.0
Пензенская область,2000,66.18,25218.7,110.6
Самарская область,2000,64.51,140407.4,112.5
Саратовская область,2000,65.01,63068.2,119.5
Ульяновская область,2000,65.89,30415.0,115.3
Курганская область,2000,64.45,18705.2,116.0
Свердловская область,2000,63.68,156077.0,122.5
Тюменская область,2000,65.9,570790.2,135.9
Челябинская область,2000,64.65,120561.0,118.5
Республика Алтай,2000,62.83,2737.5,109.3
Республика Тыва,2000,55.16,3594.1,113.4
Республика Хакасия,2000,62.75,17418.1,104.3
Алтайский край,2000,66.58,46736.8,113.6
Красноярский край,2000,62.45,214662.7,134.1
Иркутская область,2000,61.23,103013.8,111.7
Кемеровская область,2000,62.69,88728.1,117.5
Новосибирская область,2000,66.3,72012.7,118.6
Омская область,2000,66.2,46028.4,110.0
Томская область,2000,64.94,40539.5,123.3
Республика Бурятия,2000,62.68,21574.5,112.3
Республика Саха (Якутия),2000,63.66,81960.4,113.7
Приморский край,2000,63.73,62088.5,108.6
Хабаровский край,2000,63.03,64794.8,118.3
Амурская область,2000,62.15,26315.2,116.4
Магаданская область,2000,62.02,13009.5,101.5
Сахалинская область,2000,63.34,34777.0,106.9
Еврейская автономная область,2000,61.84,3784.0,112.8
Чукотский автономный округ,2000,60.17,3931.4,91.5
Белгородская область,2001,67.38,49941.8,118.2
Брянская область,2001,65.05,30110.3,125.0
Владимирская область,2001,63.56,42075.4,119.9
Воронежская область,2001,66.17,60014.6,115.8
Ивановская область,2001,63.18,22175.9,124.3
Калужская область,2001,64.27,31860.0,123.7
Костромская область,2001,63.65,22221.5,120.0
Курская область,2001,65.87,36399.8,111.2
Липецкая область,2001,66.53,50574.1,117.4
Московская область,2001,64.77,235159.6,121.8
Орловская область,2001,65.37,27624.8,120.8
Рязанская область,2001,64.71,37054.3,125.4
Смоленская область,2001,62.7,36016.3,119.0
Тамбовская область,2001,65.93,31086.6,119.0
Тверская область,2001,61.94,46986.4,122.8
Тульская область,2001,63.0,52891.2,120.2
Ярославская область,2001,64.22,61149.6,120.7
г. Москва,2001,67.4,1370182.8,124.0
Республика Карелия,2001,62.96,33721.2,109.8
Республика Коми,2001,64.79,78276.5,117.5
Архангельская область,2001,63.87,67274.7,116.6
Вологодская область,2001,64.37,65425.3,116.0
Калининградская область,2001,63.0,32327.2,121.6
Ленинградская область,2001,61.99,75858.6,120.7
Мурманская область,2001,65.87,57569.3,114.4
Новгородская область,2001,62.32,27501.0,117.7
Псковская область,2001,61.58,19416.9,118.2
г. Санкт-Петербург,2001,66.19,251654.4,119.9
Республика Адыгея,2001,68.77,6641.8,114.0
Республика Калмыкия,2001,66.32,6732.0,123.3
Краснодарский край,2001,67.0,179177.5,118.7
Астраханская область,2001,65.18,32274.3,116.0
Волгоградская область,2001,65.88,82919.7,116.0
Ростовская область,2001,66.23,118762.5,125.3
Республика Дагестан,2001,71.56,31544.0,114.5
Республика Ингушетия,2001,74.6,3604.3,109.3
Кабардино-Балкарская Республика,2001,67.96,19443.3,113.3
Карачаево-Черкесская Республика,2001,69.38,7324.8,121.5
Республика Северная Осетия - Алания,2001,69.43,12665.3,121.4
Ставропольский край,2001,67.75,67860.4,120.4
Республика Башкортостан,2001,66.68,166974.8,120.6
Республика Марий Эл,2001,64.58,15087.8,116.3
Республика Мордовия,2001,67.38,22089.5,117.1
Республика Татарстан,2001,67.63,213740.0,120.3
Удмуртская Республика,2001,65.26,65551.4,119.8
Чувашская Республика,2001,66.36,30778.5,117.4
Кировская область,2001,65.88,41699.0,114.0
Нижегородская область,2001,64.92,149322.6,120.7
Оренбургская область,2001,65.21,85168.3,111.0
Пензенская область,2001,66.54,33262.6,114.6
Самарская область,2001,64.73,180049.3,118.8
Саратовская область,2001,65.42,83665.7,115.9
Ульяновская область,2001,65.99,38563.6,107.5
Курганская область,2001,64.95,25379.6,113.7
Свердловская область,2001,64.72,199859.1,114.1
Тюменская область,2001,66.73,753119.2,122.0
Челябинская область,2001,65.08,142461.9,110.9
Республика Алтай,2001,62.37,4499.4,124.2
Республика Тыва,2001,56.48,5197.2,125.9
Республика Хакасия,2001,63.57,20041.0,113.4
Алтайский край,2001,66.3,61854.4,110.3
Красноярский край,2001,63.34,239420.0,110.5
Иркутская область,2001,61.82,120240.0,112.9
Кемеровская область,2001,62.77,113800.2,112.6
Новосибирская область,2001,66.26,95298.9,121.1
Омская область,2001,66.65,61535.7,130.7
Томская область,2001,65.49,57041.1,125.7
Республика Бурятия,2001,62.47,30075.1,115.3
Республика Саха (Якутия),2001,64.37,100922.4,114.9
Приморский край,2001,64.37,72826.1,114.5
Хабаровский край,2001,63.02,79891.5,114.8
Амурская область,2001,62.43,39052.8,118.5
Магаданская область,2001,65.06,17151.6,110.9
Сахалинская область,2001,62.73,47140.1,112.2
Еврейская автономная область,2001,62.27,4788.9,117.7
Чукотский автономный округ,2001,62.54,6944.6,132.7
Белгородская область,2002,67.53,62404.4,119.2
Брянская область,2002,64.07,37374.1,123.9
Владимирская область,2002,62.79,50359.9,119.8
Воронежская область,2002,66.07,83001.1,117.0
Ивановская область,2002,62.12,26981.3,126.2
Калужская область,2002,64.26,37283.1,117.2
Костромская область,2002,62.88,25952.9,118.6
Курская область,2002,65.34,45309.4,120.2
Липецкая область,2002,66.34,70590.5,113.0
Московская область,2002,64.89,312950.0,117.8
Орловская область,2002,65.5,35657.4,117.7
Рязанская область,2002,64.21,45797.5,123.4
Смоленская область,2002,61.96,42166.1,121.1
Тамбовская область,2002,65.34,38897.8,127.6
Тверская область,2002,61.52,55732.6,122.1
Тульская область,2002,62.94,65416.3,117.6
Ярославская область,2002,63.34,75313.4,117.7
г. Москва,2002,67.43,1767476.7,108.8
Республика Карелия,2002,62.2,41362.4,119.2
Республика Коми,2002,63.39,86019.4,109.1
Архангельская область,2002,63.26,83158.8,114.5
Вологодская область,2002,63.77,80731.9,111.8
Калининградская область,2002,62.29,40120.3,125.0
Ленинградская область,2002,61.82,94747.0,120.1
Мурманская область,2002,65.58,68445.4,110.9
Новгородская область,2002,61.86,31466.8,120.2
Псковская область,2002,61.09,24098.9,122.6
г. Санкт-Петербург,2002,66.41,336692.3,127.2
Республика Адыгея,2002,68.76,7909.9,123.3
Республика Калмыкия,2002,65.79,7272.3,122.6
Краснодарский край,2002,66.8,217727.6,115.9
Астраханская область,2002,65.16,40994.9,113.8
Волгоградская область,2002,66.19,104341.2,110.2
Ростовская область,2002,66.23,140773.3,119.9
Республика Дагестан,2002,71.43,41441.0,136.6
Республика Ингушетия,2002,74.82,3582.1,127.5
Кабардино-Балкарская Республика,2002,68.31,22774.5,120.8
Карачаево-Черкесская Республика,2002,69.21,10234.5,125.8
Республика Северная Осетия - Алания,2002,69.11,15997.5,127.3
Ставропольский край,2002,67.0,80534.5,116.2
Республика Башкортостан,2002,66.08,187842.2,114.5
Республика Марий Эл,2002,64.01,17815.3,126.2
Республика Мордовия,2002,66.72,27508.0,126.0
Республика Татарстан,2002,67.55,250596.0,109.1
Удмуртская Республика,2002,64.34,78346.3,112.6
Чувашская Республика,2002,66.05,37180.6,120.5
Кировская область,2002,64.38,49974.2,120.9
Нижегородская область,2002,64.45,170826.5,116.3
Оренбургская область,2002,65.1,94182.5,112.6
Пензенская область,2002,66.01,41623.4,125.8
Самарская область,2002,65.5,206320.2,114.5
Саратовская область,2002,65.8,97326.4,121.2
Ульяновская область,2002,65.29,45677.0,119.8
Курганская область,2002,64.47,29940.8,116.3
Свердловская область,2002,64.1,234866.4,119.2
Тюменская область,2002,66.87,898722.4,102.4
Челябинская область,2002,64.75,172446.4,113.7
Республика Алтай,2002,61.32,5310.6,141.7
Республика Тыва,2002,55.04,6847.4,142.8
Республика Хакасия,2002,62.41,25423.3,116.5
Алтайский край,2002,65.66,73107.4,120.2
Красноярский край,2002,63.37,230994.9,106.0
Иркутская область,2002,61.51,140195.9,120.0
Кемеровская область,2002,62.41,136156.7,111.1
Новосибирская область,2002,65.8,123084.5,122.1
Омская область,2002,66.09,92628.7,133.1
Томская область,2002,64.83,75547.0,110.6
Республика Бурятия,2002,62.13,37884.5,128.5
Республика Саха (Якутия),2002,64.81,115117.1,119.0
Приморский край,2002,64.07,96832.3,119.1
Хабаровский край,2002,62.6,101048.6,116.9
Амурская область,2002,62.2,45717.5,126.8
Магаданская область,2002,65.75,22374.8,116.1
Сахалинская область,2002,62.84,47139.8,119.6
Еврейская автономная область,2002,61.6,6838.5,126.7
Чукотский автономный округ,2002,65.43,10155.4,127.7
Белгородская область,2003,68.26,76054.5,114.6
Брянская область,2003,64.62,43700.3,110.6
Владимирская область,2003,63.18,61818.6,109.7
Воронежская область,2003,66.19,100143.3,121.8
Ивановская область,2003,62.42,33214.6,109.0
Калужская область,2003,64.56,48792.7,112.2
Костромская область,2003,62.39,29692.1,110.8
Курская область,2003,65.35,56383.1,119.8
Липецкая область,2003,65.85,96241.9,113.3
Московская область,2003,65.26,412089.3,110.5
Орловская область,2003,65.23,42073.3,103.1
Рязанская область,2003,63.91,59607.2,113.7
Смоленская область,2003,62.34,49085.7,109.1
Тамбовская область,2003,65.47,46877.7,115.0
Тверская область,2003,61.53,68805.3,112.6
Тульская область,2003,63.03,72258.0,109.3
Ярославская область,2003,63.46,92073.4,112.4
г. Москва,2003,69.64,2188231.5,119.3
Республика Карелия,2003,60.81,46588.9,106.7
Республика Коми,2003,61.67,107149.0,104.5
Архангельская область,2003,62.11,103951.3,110.8
Вологодская область,2003,62.47,107544.6,108.3
Калининградская область,2003,61.68,46757.7,111.9
Ленинградская область,2003,61.74,121222.3,106.0
Мурманская область,2003,63.2,80604.1,101.5
Новгородская область,2003,60.84,38081.7,111.8
Псковская область,2003,60.86,29488.4,114.8
г. Санкт-Петербург,2003,66.49,409638.5,104.8
Республика Адыгея,2003,67.51,9849.3,110.1
Республика Калмыкия,2003,66.18,6539.5,102.2
Краснодарский край,2003,67.33,248565.5,105.7
Астраханская область,2003,65.36,50659.8,109.5
Волгоградская область,2003,66.43,128622.2,113.7
Ростовская область,2003,66.47,171849.0,109.6
Республика Дагестан,2003,72.33,57626.7,117.3
Республика Ингушетия,2003,75.13,4756.6,111.8
Кабардино-Балкарская Республика,2003,68.7,25997.4,111.3
Карачаево-Черкесская Республика,2003,68.1,11481.1,111.1
Республика Северная Осетия - Алания,2003,68.47,18925.2,102.1
Ставропольский край,2003,67.14,101382.6,108.3
Республика Башкортостан,2003,66.39,242920.5,105.5
Республика Марий Эл,2003,63.99,22987.3,114.5
Республика Мордовия,2003,66.28,33244.0,118.0
Республика Татарстан,2003,67.84,305086.1,104.7
Удмуртская Республика,2003,64.34,89034.5,110.5
Чувашская Республика,2003,66.09,45133.1,114.4
Кировская область,2003,63.71,57795.8,109.6
Нижегородская область,2003,64.03,206926.0,105.0
Оренбургская область,2003,65.35,115824.6,111.3
Пензенская область,2003,65.67,48111.5,122.7
Самарская область,2003,65.59,256554.6,107.3
Саратовская область,2003,65.46,119909.0,114.5
Ульяновская область,2003,65.25,55184.3,109.8
Курганская область,2003,63.87,37046.2,112.8
Свердловская область,2003,63.97,284576.3,111.6
Тюменская область,2003,66.07,1117514.4,107.6
Челябинская область,2003,64.78,220185.2,113.0
Республика Алтай,2003,60.24,6903.9,109.3
Республика Тыва,2003,54.31,8121.2,112.3
Республика Хакасия,2003,60.75,28969.2,110.4
Алтайский край,2003,66.05,88733.3,108.0
Красноярский край,2003,63.03,272727.0,99.6
Иркутская область,2003,60.68,167927.1,106.5
Кемеровская область,2003,61.86,164903.1,109.6
Новосибирская область,2003,65.83,153798.9,109.5
Омская область,2003,66.01,115029.5,112.7
Томская область,2003,64.44,97084.3,110.2
Республика Бурятия,2003,61.25,52253.7,111.4
Республика Саха (Якутия),2003,63.96,132964.1,106.0
Приморский край,2003,63.07,119333.7,112.5
Хабаровский край,2003,61.85,116318.1,113.0
Амурская область,2003,61.26,53199.9,110.7
Магаданская область,2003,63.03,24325.9,115.0
Сахалинская область,2003,61.44,63139.2,116.4
Еврейская автономная область,2003,60.8,8564.6,110.6
Чукотский автономный округ,2003,59.1,13501.1,109.2
Белгородская область,2004,68.17,114409.3,106.1
Брянская область,2004,64.16,51003.4,112.2
Владимирская область,2004,62.85,74207.0,104.2
Воронежская область,2004,66.13,117197.6,109.5
Ивановская область,2004,62.37,40159.4,110.4
Калужская область,2004,64.46,57993.8,111.5
Костромская область,2004,62.64,37787.4,107.1
Курская область,2004,64.95,76506.1,111.4
Липецкая область,2004,65.69,141778.3,111.0
Московская область,2004,65.57,535204.4,109.7
Орловская область,2004,65.02,46042.3,110.6
Рязанская область,2004,64.14,69996.0,110.4
Смоленская область,2004,62.27,56113.9,106.7
Тамбовская область,2004,65.57,56775.0,110.7
Тверская область,2004,61.63,88081.5,112.7
Тульская область,2004,63.02,88119.6,108.5
Ярославская область,2004,63.77,112438.7,111.6
г. Москва,2004,70.77,2853272.4,112.1
Республика Карелия,2004,61.58,53964.1,109.6
Республика Коми,2004,62.21,131588.0,106.0
Архангельская область,2004,62.33,142564.7,112.9
Вологодская область,2004,62.78,161378.6,114.2
Калининградская область,2004,61.36,66552.1,104.9
Ленинградская область,2004,61.97,166445.0,108.4
Мурманская область,2004,63.59,124972.0,104.8
Новгородская область,2004,61.44,49242.3,111.1
Псковская область,2004,60.63,35816.0,108.1
г. Санкт-Петербург,2004,67.34,542359.2,110.8
Республика Адыгея,2004,67.76,12493.2,113.4
Республика Калмыкия,2004,67.29,8518.5,109.7
Краснодарский край,2004,67.52,313623.6,115.3
Астраханская область,2004,65.31,56710.9,111.7
Волгоградская область,2004,66.94,154337.7,110.9
Ростовская область,2004,66.74,221167.4,112.5
Республика Дагестан,2004,72.7,80712.4,114.2
Республика Ингушетия,2004,75.92,6210.4,104.2
Кабардино-Балкарская Республика,2004,69.8,29052.9,110.9
Карачаево-Черкесская Республика,2004,69.54,13127.2,109.2
Республика Северная Осетия - Алания,2004,68.42,24268.0,110.3
Ставропольский край,2004,67.78,122235.4,112.6
Республика Башкортостан,2004,66.26,310845.1,107.3
Республика Марий Эл,2004,63.38,30085.6,108.9
Республика Мордовия,2004,66.58,38334.9,109.2
Республика Татарстан,2004,67.65,391116.0,108.4
Удмуртская Республика,2004,64.2,100833.1,106.3
Чувашская Республика,2004,66.31,59573.8,112.7
Кировская область,2004,63.93,70706.2,111.5
Нижегородская область,2004,63.75,241230.4,111.0
Оренбургская область,2004,65.37,169876.7,110.8
Пензенская область,2004,65.72,59711.7,99.4
Самарская область,2004,65.69,327118.5,108.3
Саратовская область,2004,65.63,151636.9,112.4
Ульяновская область,2004,65.34,67501.0,105.2
Курганская область,2004,63.88,42470.6,112.1
Свердловская область,2004,64.42,364368.8,112.9
Тюменская область,2004,66.63,1536733.7,107.1
Челябинская область,2004,64.64,291179.9,110.8
Республика Алтай,2004,61.13,8516.7,106.0
Республика Тыва,2004,56.49,9838.5,103.4
Республика Хакасия,2004,62.37,33102.9,107.9
Алтайский край,2004,65.53,114840.5,113.6
Красноярский край,2004,63.59,365454.1,107.5
Иркутская область,2004,60.82,213244.2,107.9
Кемеровская область,2004,62.23,244462.0,116.0
Новосибирская область,2004,65.58,191826.7,115.5
Омская область,2004,65.65,192877.3,112.8
Томская область,2004,65.36,132439.3,106.5
Республика Бурятия,2004,61.13,63918.5,106.0
Республика Саха (Якутия),2004,64.21,153496.7,105.8
Приморский край,2004,62.96,152301.1,110.2
Хабаровский край,2004,62.18,133330.5,106.6
Амурская область,2004,60.31,64250.2,108.2
Магаданская область,2004,62.44,24612.3,107.0
Сахалинская область,2004,61.49,91729.6,113.8
Еврейская автономная область,2004,59.4,11230.9,105.7
Чукотский автономный округ,2004,57.45,12357.8,95.0
Белгородская область,2005,68.42,144987.8,111.5
Брянская область,2005,63.41,66692.3,110.9
Владимирская область,2005,63.28,86926.8,112.3
Воронежская область,2005,66.24,133586.6,109.6
Ивановская область,2005,62.11,44415.4,113.2
Калужская область,2005,64.26,70953.9,110.1
Костромская область,2005,62.66,44684.7,113.5
Курская область,2005,64.99,86624.9,100.4
Липецкая область,2005,66.02,145194.4,112.3
Московская область,2005,65.68,708062.1,113.2
Орловская область,2005,65.09,53181.9,110.7
Рязанская область,2005,64.03,84382.7,109.9
Смоленская область,2005,61.97,65525.6,108.3
Тамбовская область,2005,65.49,63614.8,108.3
Тверская область,2005,61.4,96897.4,106.9
Тульская область,2005,62.85,116221.2,108.8
Ярославская область,2005,63.98,131252.1,104.9
г. Москва,2005,71.36,4135154.6,121.0
Республика Карелия,2005,62.06,77124.8,112.9
Республика Коми,2005,62.27,171307.2,109.9
Архангельская область,2005,62.93,166433.4,111.8
Вологодская область,2005,63.11,193966.1,112.4
Калининградская область,2005,61.49,81837.6,108.4
Ленинградская область,2005,61.96,205416.9,111.3
Мурманская область,2005,63.82,132870.2,109.5
Новгородская область,2005,61.65,63848.3,111.6
Псковская область,2005,60.18,40582.9,113.0
г. Санкт-Петербург,2005,67.76,666392.8,111.8
Республика Адыгея,2005,68.05,17029.1,107.1
Республика Калмыкия,2005,66.97,9685.7,109.5
Краснодарский край,2005,67.5,372929.8,109.2
Астраханская область,2005,64.83,70127.6,108.5
Волгоградская область,2005,67.02,203232.2,109.9
Ростовская область,2005,66.91,263051.5,107.6
Республика Дагестан,2005,73.29,90442.6,108.9
Республика Ингушетия,2005,75.64,7419.3,117.8
Кабардино-Балкарская Республика,2005,69.3,36833.4,114.4
Карачаево-Черкесская Республика,2005,69.23,16724.3,110.8
Республика Северная Осетия - Алания,2005,69.62,31182.2,121.7
Ставропольский край,2005,67.72,146569.3,106.1
Республика Башкортостан,2005,66.54,381646.5,108.5
Республика Марий Эл,2005,63.41,33350.7,118.0
Республика Мордовия,2005,66.58,44267.0,111.5
Республика Татарстан,2005,67.95,482759.2,116.1
Удмуртская Республика,2005,64.34,139995.3,111.0
Чувашская Республика,2005,66.38,69391.6,113.5
Кировская область,2005,64.19,79800.6,110.9
Нижегородская область,2005,63.41,299723.7,109.0
Оренбургская область,2005,65.0,213138.2,115.9
Пензенская область,2005,65.5,74362.7,117.1
Самарская область,2005,65.85,401812.2,109.9
Саратовская область,2005,65.9,170930.5,114.1
Ульяновская область,2005,65.24,80584.4,107.4
Курганская область,2005,64.17,50245.8,112.2
Свердловская область,2005,64.55,475575.5,111.1
Тюменская область,2005,66.76,2215584.4,105.2
Челябинская область,2005,64.77,349957.2,111.4
Республика Алтай,2005,60.42,8805.8,111.2
Республика Тыва,2005,56.01,11662.5,112.7
Республика Хакасия,2005,61.2,41727.5,111.8
Алтайский край,2005,64.72,135686.4,106.4
Красноярский край,2005,63.11,439736.9,108.8
Иркутская область,2005,60.43,258095.5,113.7
Кемеровская область,2005,61.56,295378.4,115.1
Новосибирская область,2005,65.06,235381.8,110.1
Омская область,2005,65.17,220686.1,115.3
Томская область,2005,65.0,159578.5,107.3
Республика Бурятия,2005,60.9,74912.9,107.7
Республика Саха (Якутия),2005,64.7,183027.0,106.2
Приморский край,2005,62.83,186623.3,112.0
Хабаровский край,2005,61.89,161194.4,111.0
Амурская область,2005,60.34,76861.2,112.7
Магаданская область,2005,62.59,27167.8,117.9
Сахалинская область,2005,60.58,121014.1,113.8
Еврейская автономная область,2005,59.34,14204.2,108.9
Чукотский автономный округ,2005,58.09,12355.4,110.2
Белгородская область,2006,69.27,178846.1,112.5
Брянская область,2006,65.3,82100.4,112.1
Владимирская область,2006,64.44,112841.7,111.1
Воронежская область,2006,67.11,166176.5,114.2
Ивановская область,2006,64.49,55090.0,112.6
Калужская область,2006,66.03,86150.5,110.1
Костромская область,2006,64.62,54351.1,112.4
Курская область,2006,66.06,104035.7,114.3
Липецкая область,2006,66.73,179057.3,112.6
Московская область,2006,66.4,934328.9,117.9
Орловская область,2006,66.39,64801.6,115.5
Рязанская область,2006,65.23,105491.9,113.5
Смоленская область,2006,63.01,79043.4,109.3
Тамбовская область,2006,66.84,79766.2,113.6
Тверская область,2006,62.85,127363.8,114.0
Тульская область,2006,64.23,142240.1,112.6
Ярославская область,2006,66.11,153251.5,109.8
г. Москва,2006,71.81,5260232.8,114.2
Республика Карелия,2006,63.79,84228.3,112.1
Республика Коми,2006,64.21,218490.7,110.2
Архангельская область,2006,64.84,215932.7,108.9
Вологодская область,2006,65.36,201939.2,109.1
Калининградская область,2006,64.13,103138.7,132.7
Ленинградская область,2006,63.06,265260.4,108.0
Мурманская область,2006,65.17,158127.0,111.8
Новгородская область,2006,62.66,74923.8,116.2
Псковская область,2006,61.22,51464.9,110.1
г. Санкт-Петербург,2006,68.9,825102.3,117.3
Республика Адыгея,2006,68.27,21132.4,114.4
Республика Калмыкия,2006,67.52,12844.1,109.9
Краснодарский край,2006,68.74,483950.7,113.0
Астраханская область,2006,66.14,85112.1,105.7
Волгоградская область,2006,67.84,252142.7,113.7
Ростовская область,2006,67.61,340012.5,115.7
Республика Дагестан,2006,73.35,124153.5,113.6
Республика Ингушетия,2006,76.02,9033.5,104.3
Кабардино-Балкарская Республика,2006,70.14,43309.7,114.1
Карачаево-Черкесская Республика,2006,70.19,23260.1,112.9
Республика Северная Осетия - Алания,2006,70.74,43341.2,112.6
Ставропольский край,2006,68.25,181675.1,114.7
Республика Башкортостан,2006,67.47,505205.8,118.8
Республика Марий Эл,2006,64.82,43663.7,118.1
Республика Мордовия,2006,67.75,57974.2,115.6
Республика Татарстан,2006,69.04,605911.5,116.1
Удмуртская Республика,2006,66.01,164848.5,111.5
Чувашская Республика,2006,66.98,93172.0,117.2
Кировская область,2006,65.8,97047.1,111.0
Нижегородская область,2006,64.6,376180.3,111.4
Оренбургская область,2006,66.17,302808.4,114.4
Пензенская область,2006,67.25,88805.0,110.2
Самарская область,2006,66.57,487713.5,112.9
Саратовская область,2006,67.37,204291.2,119.0
Ульяновская область,2006,66.33,101950.3,113.7
Курганская область,2006,65.52,68434.5,115.2
Свердловская область,2006,66.47,653908.3,112.0
Тюменская область,2006,67.95,2551355.4,105.9
Челябинская область,2006,66.17,446918.0,112.9
Республика Алтай,2006,62.49,11609.4,118.9
Республика Тыва,2006,58.43,15146.8,117.7
Республика Хакасия,2006,64.51,53689.3,111.3
Алтайский край,2006,66.64,173810.5,115.4
Красноярский край,2006,65.58,585881.9,107.7
Иркутская область,2006,63.06,330834.3,112.1
Кемеровская область,2006,63.04,342210.6,109.9
Новосибирская область,2006,66.38,296064.5,115.1
Омская область,2006,66.17,262506.7,112.9
Томская область,2006,66.5,188800.7,107.5
Республика Бурятия,2006,62.43,91712.4,110.9
Республика Саха (Якутия),2006,65.55,206845.0,106.8
Приморский край,2006,64.4,215934.4,111.6
Хабаровский край,2006,63.67,194259.6,102.9
Амурская область,2006,62.23,95090.9,106.7
Магаданская область,2006,63.4,31203.2,108.6
Сахалинская область,2006,62.79,166105.4,110.3
Еврейская автономная область,2006,61.27,17976.8,107.7
Чукотский автономный округ,2006,58.93,15538.0,98.6
Белгородская область,2007,70.33,237013.3,114.8
Брянская область,2007,66.11,102706.2,113.4
Владимирская область,2007,65.3,146663.0,119.0
Воронежская область,2007,67.52,222811.9,118.8
Ивановская область,2007,65.55,74752.0,115.1
Калужская область,2007,66.64,111869.0,115.7
Костромская область,2007,66.27,65700.4,113.4
Курская область,2007,66.66,128799.0,115.5
Липецкая область,2007,67.31,209821.5,115.9
Московская область,2007,66.93,1295649.9,121.8
Орловская область,2007,67.23,77101.2,117.6
Рязанская область,2007,65.61,121305.2,115.4
Смоленская область,2007,64.46,95703.4,115.3
Тамбовская область,2007,67.9,106039.6,114.6
Тверская область,2007,63.99,156034.6,116.6
Тульская область,2007,65.01,174110.9,116.8
Ярославская область,2007,67.0,186577.5,113.2
г. Москва,2007,72.5,6696259.1,120.5
Республика Карелия,2007,65.12,104603.3,112.9
Республика Коми,2007,65.83,241150.5,110.1
Архангельская область,2007,66.27,268672.1,111.4
Вологодская область,2007,66.96,243336.3,110.7
Калининградская область,2007,65.79,143927.7,119.9
Ленинградская область,2007,64.58,309028.6,117.9
Мурманская область,2007,66.72,191584.6,111.9
Новгородская область,2007,63.96,86664.9,113.4
Псковская область,2007,64.09,61561.9,118.8
г. Санкт-Петербург,2007,69.86,1119660.3,121.5
Республика Адыгея,2007,68.77,29085.1,115.6
Республика Калмыкия,2007,68.35,17225.8,117.2
Краснодарский край,2007,69.25,648211.3,117.1
Астраханская область,2007,67.02,100359.2,108.2
Волгоградская область,2007,68.84,331766.8,116.3
Ростовская область,2007,68.38,450434.7,118.1
Республика Дагестан,2007,74.21,156928.8,115.3
Республика Ингушетия,2007,79.0,16812.4,104.8
Кабардино-Балкарская Республика,2007,71.18,48908.7,114.2
Карачаево-Черкесская Республика,2007,71.28,27469.7,116.7
Республика Северная Осетия - Алания,2007,71.74,52804.8,117.7
Ставропольский край,2007,69.49,222239.6,117.6
Республика Башкортостан,2007,67.81,590054.1,118.1
Республика Марий Эл,2007,66.16,55069.2,122.1
Республика Мордовия,2007,68.4,77048.8,117.3
Республика Татарстан,2007,69.44,757401.4,120.1
Удмуртская Республика,2007,66.59,205647.4,115.0
Чувашская Республика,2007,67.39,123453.3,123.3
Кировская область,2007,67.02,118154.9,115.9
Нижегородская область,2007,65.58,473307.4,113.6
Оренбургская область,2007,66.68,370880.9,115.5
Пензенская область,2007,68.3,119104.0,121.8
Самарская область,2007,67.19,584968.6,113.4
Саратовская область,2007,68.01,252867.2,120.1
Ульяновская область,2007,66.97,124676.2,114.6
Курганская область,2007,66.66,81076.0,110.5
Свердловская область,2007,67.5,820792.5,119.1
Тюменская область,2007,68.57,2758813.1,111.0
Челябинская область,2007,67.14,575643.7,117.7
Республика Алтай,2007,64.33,15108.5,115.0
Республика Тыва,2007,59.16,19384.2,114.6
Республика Хакасия,2007,66.19,63722.0,109.6
Алтайский край,2007,67.22,223563.4,116.4
Красноярский край,2007,66.58,734154.8,115.8
Иркутская область,2007,64.9,402654.7,113.0
Кемеровская область,2007,64.01,437790.2,111.9
Новосибирская область,2007,67.43,365531.2,121.3
Омская область,2007,66.54,296004.7,114.9
Томская область,2007,67.68,214487.0,117.8
Республика Бурятия,2007,64.2,107442.0,117.2
Республика Саха (Якутия),2007,66.17,242656.5,109.6
Приморский край,2007,65.11,259041.4,112.6
Хабаровский край,2007,64.76,231293.2,114.1
Амурская область,2007,63.93,111761.2,113.0
Магаданская область,2007,63.57,35314.4,112.9
Сахалинская область,2007,64.48,286273.0,112.7
Еврейская автономная область,2007,61.94,23726.1,116.4
Чукотский автономный округ,2007,58.72,20984.1,109.6
Белгородская область,2008,70.49,317656.3,112.3
Брянская область,2008,66.49,125834.4,106.8
Владимирская область,2008,65.45,175395.7,108.5
Воронежская область,2008,67.82,287072.1,113.7
Ивановская область,2008,65.96,86980.3,107.9
Калужская область,2008,66.8,150394.4,111.1
Костромская область,2008,66.34,81040.7,110.4
Курская область,2008,66.85,167865.8,108.0
Липецкая область,2008,67.53,259532.2,105.0
Московская область,2008,67.3,1645753.0,115.8
Орловская область,2008,67.7,96669.9,113.3
Рязанская область,2008,66.43,150151.2,110.0
Смоленская область,2008,64.53,121601.3,108.0
Тамбовская область,2008,68.24,120836.0,113.4
Тверская область,2008,64.82,192283.0,111.9
Тульская область,2008,65.42,231730.8,108.2
Ярославская область,2008,67.6,214946.3,106.1
г. Москва,2008,72.84,8248652.0,115.6
Республика Карелия,2008,65.48,115208.2,111.3
Республика Коми,2008,66.2,291812.1,106.5
Архангельская область,2008,66.94,289755.9,110.4
Вологодская область,2008,66.91,294926.2,108.4
Калининградская область,2008,66.51,179266.7,105.1
Ленинградская область,2008,65.22,383255.4,115.4
Мурманская область,2008,66.7,213733.5,111.9
Новгородская область,2008,63.62,115141.3,108.8
Псковская область,2008,63.62,73283.2,111.1
г. Санкт-Петербург,2008,70.48,1431839.6,111.4
Республика Адыгея,2008,68.67,36134.4,107.8
Республика Калмыкия,2008,68.99,20789.7,109.0
Краснодарский край,2008,69.72,803834.1,112.9
Астраханская область,2008,67.97,147549.1,108.6
Волгоградская область,2008,68.99,416678.5,107.2
Ростовская область,2008,68.88,576125.7,111.3
Республика Дагестан,2008,74.37,216277.2,113.0
Республика Ингушетия,2008,80.1,19172.9,103.7
Кабардино-Балкарская Республика,2008,72.53,58093.4,108.0
Карачаево-Черкесская Республика,2008,71.55,35714.2,105.7
Республика Северная Осетия - Алания,2008,71.45,57707.4,104.4
Ставропольский край,2008,69.68,274992.0,110.5
Республика Башкортостан,2008,68.0,743133.4,111.4
Республика Марий Эл,2008,66.45,65765.3,108.1
Республика Мордовия,2008,68.74,94058.3,113.7
Республика Татарстан,2008,70.05,926056.7,115.1
Удмуртская Республика,2008,67.19,243135.5,107.1
Чувашская Республика,2008,67.84,155032.3,111.1
Кировская область,2008,66.94,151116.7,107.5
Нижегородская область,2008,66.1,588790.8,110.7
Оренбургская область,2008,66.76,430023.1,109.9
Пензенская область,2008,68.67,147853.2,117.5
Самарская область,2008,67.51,699295.6,108.2
Саратовская область,2008,68.39,321747.2,116.1
Ульяновская область,2008,67.89,150680.3,111.5
Курганская область,2008,66.67,106223.2,110.7
Свердловская область,2008,67.75,923550.8,108.2
Тюменская область,2008,68.89,3121401.3,106.7
Челябинская область,2008,67.23,664492.7,108.8
Республика Алтай,2008,65.15,18701.0,109.4
Республика Тыва,2008,60.48,23870.5,110.0
Республика Хакасия,2008,66.53,72308.8,113.2
Алтайский край,2008,67.52,259343.1,108.2
Красноярский край,2008,66.94,737950.5,109.0
Иркутская область,2008,65.01,438852.4,107.7
Кемеровская область,2008,64.64,575901.9,109.5
Новосибирская область,2008,68.0,453574.6,115.0
Омская область,2008,67.54,347760.3,107.9
Томская область,2008,67.66,248906.2,108.1
Республика Бурятия,2008,64.37,124738.5,110.8
Республика Саха (Якутия),2008,65.78,309518.3,111.5
Приморский край,2008,65.5,316581.9,112.4
Хабаровский край,2008,65.27,269178.6,105.6
Амурская область,2008,63.53,131563.7,108.6
Магаданская область,2008,63.7,42053.8,108.9
Сахалинская область,2008,64.39,333581.6,113.8
Еврейская автономная область,2008,62.66,23977.0,109.4
Чукотский автономный округ,2008,59.65,30558.7,114.4
Белгородская область,2009,71.07,304345.3,93.3
Брянская область,2009,67.86,126477.4,95.1
Владимирская область,2009,66.23,185824.6,96.6
Воронежская область,2009,68.94,301729.1,97.0
Ивановская область,2009,66.72,87061.9,99.4
Калужская область,2009,67.56,154946.1,96.0
Костромская область,2009,67.17,78920.7,96.7
Курская область,2009,68.06,161570.9,94.6
Липецкая область,2009,68.44,226662.0,91.7
Московская область,2009,68.21,1519446.3,96.5
Орловская область,2009,68.68,90623.6,94.8
Рязанская область,2009,67.69,153634.1,94.0
Смоленская область,2009,65.55,125348.9,95.2
Тамбовская область,2009,68.78,136323.9,100.1
Тверская область,2009,65.3,197687.0,97.4
Тульская область,2009,66.69,214925.4,97.6
Ярославская область,2009,68.59,212684.4,92.6
г. Москва,2009,73.61,7126972.4,97.7
Республика Карелия,2009,66.56,105924.1,96.8
Республика Коми,2009,66.54,302629.2,101.5
Архангельская область,2009,67.62,323606.8,99.6
Вологодская область,2009,67.27,213396.9,92.9
Калининградская область,2009,67.67,169519.6,92.8
Ленинградская область,2009,66.73,430395.5,92.0
Мурманская область,2009,67.19,202235.5,99.1
Новгородская область,2009,64.47,117710.0,96.8
Псковская область,2009,64.52,74647.8,100.3
г. Санкт-Петербург,2009,71.19,1475805.3,94.3
Республика Адыгея,2009,69.97,41511.5,102.6
Республика Калмыкия,2009,68.61,23948.1,107.4
Краснодарский край,2009,70.66,861603.3,101.5
Астраханская область,2009,68.31,134418.2,102.1
Волгоградская область,2009,69.49,377514.3,99.4
Ростовская область,2009,69.54,555917.1,98.7
Республика Дагестан,2009,73.98,257832.7,105.4
Республика Ингушетия,2009,78.31,18953.3,109.8
Кабардино-Балкарская Республика,2009,72.08,65660.1,104.9
Карачаево-Черкесская Республика,2009,71.54,38584.1,99.1
Республика Северная Осетия - Алания,2009,71.93,64081.4,105.7
Ставропольский край,2009,70.28,277251.0,101.4
Республика Башкортостан,2009,69.01,647911.7,96.2
Республика Марий Эл,2009,67.08,69271.5,97.1
Республика Мордовия,2009,69.06,90862.4,92.2
Республика Татарстан,2009,70.82,885064.0,92.8
Удмуртская Республика,2009,68.26,230938.3,96.0
Чувашская Республика,2009,68.98,139909.5,94.2
Кировская область,2009,67.92,146321.3,98.2
Нижегородская область,2009,67.06,547223.0,98.1
Оренбургская область,2009,67.86,413395.5,101.6
Пензенская область,2009,69.38,147185.1,99.9
Самарская область,2009,68.2,583999.9,91.6
Саратовская область,2009,69.1,326370.4,98.8
Ульяновская область,2009,68.75,154247.4,97.5
Курганская область,2009,67.38,107914.5,94.1
Свердловская область,2009,68.39,825267.4,88.4
Тюменская область,2009,69.49,2870284.0,92.6
Челябинская область,2009,68.26,556985.3,91.7
Республика Алтай,2009,65.82,19911.6,100.4
Республика Тыва,2009,60.04,26921.9,106.8
Республика Хакасия,2009,67.25,81019.9,98.9
Алтайский край,2009,68.52,265613.3,98.5
Красноярский край,2009,67.63,749194.8,96.9
Иркутская область,2009,65.45,458774.9,95.3
Кемеровская область,2009,65.37,512408.0,93.9
Новосибирская область,2009,68.94,425400.2,95.7
Омская область,2009,68.72,336259.6,98.8
Томская область,2009,68.06,245808.3,99.0
Республика Бурятия,2009,65.27,121187.7,100.0
Республика Саха (Якутия),2009,66.45,328201.7,99.6
Приморский край,2009,66.72,368996.7,100.7
Хабаровский край,2009,66.33,276895.4,95.6
Амурская область,2009,64.41,151118.6,101.1
Магаданская область,2009,64.06,47895.9,97.7
Сахалинская область,2009,64.83,392380.1,95.9
Еврейская автономная область,2009,63.34,25320.0,97.7
Чукотский автономный округ,2009,58.22,45067.6,94.2
Белгородская область,2010,71.31,398361.4,105.7
Брянская область,2010,67.92,147024.0,103.2
Владимирская область,2010,67.12,224759.2,103.6
Воронежская область,2010,69.45,346568.2,105.6
Ивановская область,2010,67.09,109884.5,106.0
Калужская область,2010,68.1,188601.3,107.8
Костромская область,2010,67.5,98130.7,100.9
Курская область,2010,68.53,193648.6,104.8
Липецкая область,2010,68.59,248544.9,104.7
Московская область,2010,69.13,1832867.3,101.8
Орловская область,2010,68.4,106196.7,104.0
Рязанская область,2010,67.81,179127.9,106.7
Смоленская область,2010,66.59,154681.1,102.5
Тамбовская область,2010,69.22,143902.4,102.9
Тверская область,2010,65.9,219004.9,106.8
Тульская область,2010,67.11,237629.2,101.1
Ярославская область,2010,68.39,239644.0,103.6
г. Москва,2010,74.15,8375863.8,106.9
Республика Карелия,2010,66.42,120511.3,101.6
Республика Коми,2010,66.87,353853.0,104.0
Архангельская область,2010,67.89,372804.8,101.6
Вологодская область,2010,67.08,262432.7,105.6
Калининградская область,2010,68.75,195749.1,109.3
Ленинградская область,2010,68.09,490303.7,104.1
Мурманская область,2010,68.43,233438.9,101.6
Новгородская область,2010,65.04,127407.8,105.9
Псковская область,2010,64.59,87066.0,107.5
г. Санкт-Петербург,2010,72.06,1699486.4,106.6
Республика Адыгея,2010,69.95,47194.5,103.3
Республика Калмыкия,2010,69.35,24404.1,98.4
Краснодарский край,2010,70.95,1028308.4,101.9
Астраханская область,2010,69.08,144888.8,101.9
Волгоградская область,2010,69.66,433473.7,104.5
Ростовская область,2010,69.72,659667.4,102.4
Республика Дагестан,2010,73.87,274354.2,101.5
Республика Ингушетия,2010,74.71,19929.1,107.8
Кабардино-Балкарская Республика,2010,72.11,77086.4,99.6
Карачаево-Черкесская Республика,2010,72.44,43651.5,99.7
Республика Северная Осетия - Алания,2010,72.65,75327.4,102.0
Ставропольский край,2010,71.01,330790.8,102.7
Республика Башкортостан,2010,68.89,759203.3,101.8
Республика Марий Эл,2010,67.34,82374.4,103.0
Республика Мордовия,2010,69.25,105343.8,101.4
Республика Татарстан,2010,70.42,1001622.8,107.1
Удмуртская Республика,2010,68.1,274578.1,100.7
Чувашская Республика,2010,68.54,157704.6,105.3
Кировская область,2010,68.24,172352.0,102.7
Нижегородская область,2010,67.01,652805.9,103.6
Оренбургская область,2010,67.95,458145.4,105.5
Пензенская область,2010,69.28,172166.7,103.3
Самарская область,2010,68.13,695651.2,104.3
Саратовская область,2010,68.89,376169.4,104.3
Ульяновская область,2010,68.54,178235.4,105.9
Курганская область,2010,67.66,117879.5,102.8
Свердловская область,2010,68.81,1046600.1,105.9
Тюменская область,2010,69.46,3301573.3,102.1
Челябинская область,2010,68.41,652865.5,107.9
Республика Алтай,2010,65.68,22393.7,102.2
Республика Тыва,2010,60.45,30772.8,101.8
Республика Хакасия,2010,67.1,96039.8,105.4
Алтайский край,2010,68.36,302900.7,104.2
Красноярский край,2010,67.57,1055525.0,107.7
Иркутская область,2010,65.26,546141.0,104.9
Кемеровская область,2010,65.42,625914.9,106.1
Новосибирская область,2010,69.28,484141.3,103.8
Омская область,2010,68.78,382620.4,107.2
Томская область,2010,68.83,284676.7,104.2
Республика Бурятия,2010,66.05,133525.6,104.6
Республика Саха (Якутия),2010,66.75,386825.1,102.1
Приморский край,2010,66.63,470679.2,109.3
Хабаровский край,2010,65.68,353590.3,103.1
Амурская область,2010,64.36,178689.6,103.8
Магаданская область,2010,65.07,59619.7,104.9
Сахалинская область,2010,64.9,487659.5,100.0
Еврейская автономная область,2010,63.67,31555.9,107.9
Чукотский автономный округ,2010,57.49,38978.1,104.7
Белгородская область,2011,71.71,507839.8,102.4
Брянская область,2011,68.83,174211.8,103.4
Владимирская область,2011,68.08,261222.6,103.2
Воронежская область,2011,70.41,474973.9,103.6
Ивановская область,2011,68.56,128905.4,99.3
Калужская область,2011,69.49,234749.0,104.1
Костромская область,2011,68.45,116629.8,100.8
Курская область,2011,69.27,228851.4,107.1
Липецкая область,2011,69.87,287816.8,102.7
Московская область,2011,70.36,2176795.3,104.4
Орловская область,2011,69.48,131198.2,101.3
Рязанская область,2011,69.34,214142.6,99.9
Смоленская область,2011,68.12,180811.5,101.8
Тамбовская область,2011,70.18,173283.1,105.3
Тверская область,2011,67.02,255073.0,101.6
Тульская область,2011,68.63,279879.3,101.3
Ярославская область,2011,69.95,286967.5,102.8
г. Москва,2011,75.79,9948772.8,107.9
Республика Карелия,2011,67.95,154953.7,101.9
Республика Коми,2011,67.95,435959.3,101.7
Архангельская область,2011,68.75,439116.8,103.0
Вологодская область,2011,68.36,323067.9,99.8
Калининградская область,2011,69.9,241004.8,100.1
Ленинградская область,2011,69.44,581712.0,102.7
Мурманская область,2011,68.93,263811.7,102.3
Новгородская область,2011,66.46,153419.7,103.4
Псковская область,2011,66.47,100498.5,100.1
г. Санкт-Петербург,2011,73.06,2091914.3,100.2
Республика Адыгея,2011,70.99,56803.3,102.6
Республика Калмыкия,2011,70.8,29318.7,97.5
Краснодарский край,2011,71.15,1244652.8,103.4
Астраханская область,2011,69.84,172616.6,102.6
Волгоградская область,2011,70.5,508433.3,100.3
Ростовская область,2011,70.28,765967.2,102.5
Республика Дагестан,2011,74.26,330322.8,98.4
Республика Ингушетия,2011,76.29,26858.9,106.9
Кабардино-Балкарская Республика,2011,72.44,90594.5,101.1
Карачаево-Черкесская Республика,2011,72.85,49252.1,99.8
Республика Северная Осетия - Алания,2011,72.59,85876.7,103.7
Ставропольский край,2011,71.57,396791.6,103.5
Республика Башкортостан,2011,69.04,941023.6,103.0
Республика Марий Эл,2011,68.31,97323.3,100.8
Республика Мордовия,2011,70.11,119955.2,103.3
Республика Татарстан,2011,71.3,1305947.0,106.7
Удмуртская Республика,2011,68.88,335984.0,101.2
Чувашская Республика,2011,69.66,188785.7,105.2
Кировская область,2011,69.32,195269.5,99.7
Нижегородская область,2011,68.48,770774.0,103.5
Оренбургская область,2011,68.31,553320.9,103.0
Пензенская область,2011,70.23,213401.2,104.2
Самарская область,2011,69.02,834149.3,104.4
Саратовская область,2011,69.86,431028.0,102.9
Ульяновская область,2011,69.5,223672.7,102.4
Курганская область,2011,68.36,136325.1,102.1
Свердловская область,2011,69.29,1291019.1,102.8
Тюменская область,2011,70.45,4112596.0,103.3
Челябинская область,2011,68.79,774401.0,104.1
Республика Алтай,2011,65.4,26380.8,101.4
Республика Тыва,2011,61.39,33398.9,100.0
Республика Хакасия,2011,67.75,113088.1,103.4
Алтайский край,2011,68.97,332117.8,106.3
Красноярский край,2011,68.27,1170827.3,102.6
Иркутская область,2011,65.93,634561.4,101.3
Кемеровская область,2011,66.18,751198.4,105.1
Новосибирская область,2011,69.68,598563.5,103.7
Омская область,2011,69.5,451418.8,106.2
Томская область,2011,69.53,333885.7,103.5
Республика Бурятия,2011,66.09,153624.1,101.3
Республика Саха (Якутия),2011,67.67,486830.9,110.7
Приморский край,2011,67.17,549722.8,104.2
Хабаровский край,2011,66.0,399594.2,106.4
Амурская область,2011,64.82,225401.7,104.6
Магаданская область,2011,65.99,72174.2,104.0
Сахалинская область,2011,65.68,600247.9,100.4
Еврейская автономная область,2011,63.35,39467.0,105.5
Чукотский автономный округ,2011,61.58,44757.6,110.8
Белгородская область,2012,71.91,545517.2,109.1
Брянская область,2012,69.06,207397.5,113.0
Владимирская область,2012,68.6,286018.6,107.1
Воронежская область,2012,70.84,563965.4,117.1
Ивановская область,2012,69.3,136115.0,111.9
Калужская область,2012,69.39,285256.6,111.6
Костромская область,2012,69.5,130840.4,108.0
Курская область,2012,69.66,248213.1,108.9
Липецкая область,2012,70.03,293301.3,109.1
Московская область,2012,70.4,2357081.9,108.3
Орловская область,2012,69.51,146103.2,110.9
Рязанская область,2012,69.86,253881.6,108.7
Смоленская область,2012,68.49,201817.0,105.8
Тамбовская область,2012,70.67,203331.5,112.5
Тверская область,2012,67.86,268063.9,108.4
Тульская область,2012,68.86,311240.3,110.6
Ярославская область,2012,69.87,327279.6,107.0
г. Москва,2012,75.74,10666870.5,106.4
Республика Карелия,2012,68.0,160841.5,106.9
Республика Коми,2012,68.33,479051.3,112.5
Архангельская область,2012,69.65,472470.9,110.9
Вологодская область,2012,69.21,355291.3,106.9
Калининградская область,2012,70.12,265361.2,103.2
Ленинградская область,2012,69.77,672066.9,107.4
Мурманская область,2012,69.81,283846.2,107.4
Новгородская область,2012,67.55,170605.7,109.1
Псковская область,2012,66.53,107547.5,110.2
г. Санкт-Петербург,2012,73.43,2280426.0,106.3
Республика Адыгея,2012,71.68,65300.4,111.2
Республика Калмыкия,2012,71.22,35897.8,112.8
Краснодарский край,2012,71.74,1459490.8,110.5
Астраханская область,2012,70.36,209654.4,109.5
Волгоградская область,2012,70.99,571516.1,109.7
Ростовская область,2012,71.02,843560.3,107.4
Республика Дагестан,2012,74.9,374710.3,115.0
Республика Ингушетия,2012,77.8,37413.9,122.4
Кабардино-Балкарская Республика,2012,73.27,106711.2,117.8
Карачаево-Черкесская Республика,2012,73.38,58712.1,119.8
Республика Северная Осетия - Алания,2012,73.41,97448.8,113.1
Ставропольский край,2012,72.15,431753.4,114.0
Республика Башкортостан,2012,69.32,1149384.6,105.2
Республика Марий Эл,2012,69.04,117201.1,109.2
Республика Мордовия,2012,70.72,134315.6,109.0
Республика Татарстан,2012,71.8,1437001.0,111.1
Удмуртская Республика,2012,69.73,372782.7,108.9
Чувашская Республика,2012,70.31,217821.1,110.8
Кировская область,2012,69.79,208505.4,110.2
Нижегородская область,2012,68.98,842195.5,107.4
Оренбургская область,2012,68.64,628563.6,108.2
Пензенская область,2012,70.87,239962.5,112.0
Самарская область,2012,69.65,937434.5,107.5
Саратовская область,2012,70.27,478275.8,111.3
Ульяновская область,2012,70.62,240556.1,108.4
Курганская область,2012,68.35,146045.5,109.5
Свердловская область,2012,69.5,1484879.0,107.6
Тюменская область,2012,70.8,4625467.5,107.7
Челябинская область,2012,68.97,841972.2999999999,106.7
Республика Алтай,2012,66.8,30444.6,110.8
Республика Тыва,2012,61.09,37369.1,109.9
Республика Хакасия,2012,67.64,130638.5,107.6
Алтайский край,2012,69.11,368995.2,110.5
Красноярский край,2012,68.42,1183228.0,106.1
Иркутская область,2012,66.32,737971.6,108.4
Кемеровская область,2012,66.76,718320.4,108.1
Новосибирская область,2012,69.72,728154.0,109.4
Омская область,2012,69.25,491507.6,109.7
Томская область,2012,70.07,371472.9,105.3
Республика Бурятия,2012,66.79,164737.8,110.0
Республика Саха (Якутия),2012,67.93,541306.8,111.9
Приморский край,2012,67.79,557489.3,106.4
Хабаровский край,2012,67.13,437994.3,113.1
Амурская область,2012,65.12,229407.1,104.7
Магаданская область,2012,66.15,78417.9,110.4
Сахалинская область,2012,66.63,641886.4,108.9
Еврейская автономная область,2012,64.14,42743.6,102.8
Чукотский автономный округ,2012,60.79,45633.9,108.1
Белгородская область,2013,72.16,569006.4,103.6
Брянская область,2013,69.75,219502.8,106.6
Владимирская область,2013,69.13,306641.4,106.3
Воронежская область,2013,70.89,611720.4,104.2
Ивановская область,2013,69.84,158228.7,104.0
Калужская область,2013,70.02,292841.0,100.9
Костромская область,2013,69.86,139015.9,105.5
Курская область,2013,70.14,271542.5,107.6
Липецкая область,2013,70.66,315685.4,102.3
Московская область,2013,70.78,2545951.5,103.4
Орловская область,2013,70.22,164797.0,106.6
Рязанская область,2013,70.74,279286.5,106.0
Смоленская область,2013,68.9,225887.1,107.0
Тамбовская область,2013,70.93,236335.9,105.0
Тверская область,2013,68.13,298669.2,103.5
Тульская область,2013,69.41,348034.8,106.9
Ярославская область,2013,70.45,362861.8,104.7
г. Москва,2013,76.37,11814897.4,106.5
Республика Карелия,2013,69.19,178636.2,103.9
Республика Коми,2013,69.27,482329.9,103.8
Архангельская область,2013,70.16,500095.1,107.0
Вологодская область,2013,69.35,346227.6,104.4
Калининградская область,2013,70.51,275885.8,109.0
Ленинградская область,2013,70.36,678718.3,105.1
Мурманская область,2013,70.46,306578.7,104.6
Новгородская область,2013,67.67,178818.1,103.2
Псковская область,2013,67.82,114676.2,100.6
г. Санкт-Петербург,2013,74.22,2491423.3,104.8
Республика Адыгея,2013,71.8,70862.3,107.8
Республика Калмыкия,2013,71.35,41165.9,107.1
Краснодарский край,2013,72.29,1662969.1,105.1
Астраханская область,2013,71.34,273917.1,109.6
Волгоградская область,2013,71.42,607472.2,106.6
Ростовская область,2013,71.39,917689.1,106.5
Республика Дагестан,2013,75.63,452882.2,116.4
Республика Ингушетия,2013,78.84,45766.7,106.2
Кабардино-Балкарская Республика,2013,73.71,110971.5,105.5
Карачаево-Черкесская Республика,2013,73.94,66106.6,107.4
Республика Северная Осетия - Алания,2013,73.94,118637.5,110.3
Ставропольский край,2013,72.45,480905.3,105.2
Республика Башкортостан,2013,69.63,1163219.0,103.4
Республика Марий Эл,2013,69.3,125950.2,107.7
Республика Мордовия,2013,70.56,148705.7,112.3
Республика Татарстан,2013,72.12,1551472.1,104.9
Удмуртская Республика,2013,69.92,405126.4,107.6
Чувашская Республика,2013,70.79,223147.9,105.6
Кировская область,2013,70.26,224152.3,105.9
Нижегородская область,2013,69.42,925182.0,105.2
Оренбургская область,2013,68.9,717014.7999999999,105.3
Пензенская область,2013,71.54,270436.8,101.5
Самарская область,2013,69.4,1048545.8,106.3
Саратовская область,2013,70.67,526178.9,103.3
Ульяновская область,2013,70.5,265288.7,105.1
Курганская область,2013,68.27,167037.9,105.9
Свердловская область,2013,69.81,1568655.2,102.1
Тюменская область,2013,71.35,4950207.4,101.8
Челябинская область,2013,69.52,882339.6,107.9
Республика Алтай,2013,67.34,33313.5,106.4
Республика Тыва,2013,61.79,41298.7,105.2
Республика Хакасия,2013,68.57,141850.5,104.9
Алтайский край,2013,69.77,416110.3,104.9
Красноярский край,2013,69.06,1256934.1,104.0
Иркутская область,2013,66.72,805197.5,105.3
Кемеровская область,2013,67.72,667950.5,100.5
Новосибирская область,2013,70.19,817516.7,103.8
Омская область,2013,69.74,551734.0,105.7
Томская область,2013,70.33,402562.1,103.8
Республика Бурятия,2013,67.67,176888.9,104.9
Республика Саха (Якутия),2013,69.13,570284.7000000001,110.0
Приморский край,2013,68.19,577473.9,102.8
Хабаровский край,2013,67.92,498067.2,103.3
Амурская область,2013,66.38,210700.9,105.8
Магаданская область,2013,67.12,88905.9,105.1
Сахалинская область,2013,67.7,671743.6,103.9
Еврейская автономная область,2013,64.94,38428.7,101.2
Чукотский автономный округ,2013,62.11,44466.9,106.5
Белгородская область,2014,72.25,619677.7,100.086945586177
Брянская область,2014,69.42,242722.4,100.88676917906164
Владимирская область,2014,69.25,328064.2,98.38940924739056
Воронежская область,2014,70.82,717667.2,100.98275265410534
Ивановская область,2014,69.88,151876.8,99.60675743619444
Калужская область,2014,69.93,326459.5,100.3854987233703
Костромская область,2014,70.05,146731.5,101.04475052013812
Курская область,2014,70.11,298287.3,100.52031392869594
Липецкая область,2014,70.6,398464.5,100.1237031750346
Московская область,2014,70.94,2742886.1,99.3
Орловская область,2014,69.88,178822.5,99.77353152052716
Рязанская область,2014,70.8,295611.7,101.42172074221769
Смоленская область,2014,69.44,234710.1,99.80741009115856
Тамбовская область,2014,71.11,285656.5,99.9
Тверская область,2014,68.43,316613.2,97.46708505173216
Тульская область,2014,69.63,411122.3,103.63908458884848
Ярославская область,2014,70.64,391462.8,101.27146616436062
г. Москва,2014,76.7,12779525.7,102.20930178287418
Республика Карелия,2014,69.36,191192.1,99.38760942649058
Республика Коми,2014,69.05,484166.5,98.9
Архангельская область,2014,70.23,542695.3,100.9492412787044
Вологодская область,2014,69.74,387211.7,98.25122985294696
Калининградская область,2014,70.28,314088.3,97.37961220169647
Ленинградская область,2014,70.28,703325.6,100.4646012310448
Мурманская область,2014,69.97,328291.8,100.3
Новгородская область,2014,68.41,209304.4,99.7
Псковская область,2014,68.07,123825.6,98.16116801957004
г. Санкт-Петербург,2014,74.57,2661210.0,101.9
Республика Адыгея,2014,72.01,75622.5,100.79632222637588
Республика Калмыкия,2014,72.03,46680.6,103.96642696638298
Краснодарский край,2014,72.28,1784833.5,98.1
Астраханская область,2014,70.76,296319.3,100.682649338064
Волгоградская область,2014,71.62,715409.6,101.0689220626674
Ростовская область,2014,71.3,1007758.8,100.6
Республика Дагестан,2014,75.83,528131.3,102.457781638669
Республика Ингушетия,2014,79.42,51908.2,99.17035000690056
Кабардино-Балкарская Республика,2014,74.16,116886.0,102.21303620929623
Карачаево-Черкесская Республика,2014,73.91,65326.6,103.10732238899531
Республика Северная Осетия - Алания,2014,73.82,125960.5,101.9
Ставропольский край,2014,72.75,540796.8,102.4
Республика Башкортостан,2014,69.76,1260010.4,103.95478567554306
Республика Марий Эл,2014,69.42,143396.1,103.12467825483203
Республика Мордовия,2014,71.38,173872.7,104.2
Республика Татарстан,2014,72.17,1661413.8,101.3
Удмуртская Республика,2014,70.03,450548.9,104.2231620418256
Чувашская Республика,2014,70.62,237447.2,99.95481662676814
Кировская область,2014,70.59,254089.4,100.9
Нижегородская область,2014,69.53,1009460.1,99.8
Оренбургская область,2014,68.73,731277.7,101.30301122283612
Пензенская область,2014,71.63,295238.7,100.9
Самарская область,2014,69.63,1149147.8,102.36260517338486
Саратовская область,2014,70.95,566646.1,99.10003374947723
Ульяновская область,2014,70.37,278808.2,102.6
Курганская область,2014,68.75,170310.3,101.11551252373796
Свердловская область,2014,69.76,1659783.9,99.01205760860728
Тюменская область,2014,71.5,5295348.5,100.29096913279044
Челябинская область,2014,69.71,993900.6,100.7
Республика Алтай,2014,67.76,39191.9,101.4636957526627
Республика Тыва,2014,61.79,45947.9,103.84168048312432
Республика Хакасия,2014,68.83,158372.8,104.21593199994462
Алтайский край,2014,70.01,446023.8,99.9286539405896
Красноярский край,2014,69.23,1410719.9,101.9522331325947
Иркутская область,2014,66.87,916317.5,101.31856394613354
Кемеровская область,2014,67.8,752024.0,98.07805283313871
Новосибирская область,2014,70.28,911219.0,99.81695944938774
Омская область,2014,70.13,602605.1,98.1034456940056
Томская область,2014,70.67,430266.8,99.9
Республика Бурятия,2014,68.54,186492.9,98.58667389652194
Республика Саха (Якутия),2014,69.81,658140.4,102.3
Приморский край,2014,68.74,642423.0,100.83479870932206
Хабаровский край,2014,68.01,539338.4,100.6
Амурская область,2014,67.0,232053.0,98.48988260195696
Магаданская область,2014,67.19,96936.8,103.09609523804689
Сахалинская область,2014,67.89,799165.4,104.8
Еврейская автономная область,2014,65.2,41948.1,99.58958832616118
Чукотский автономный округ,2014,62.32,57751.3,106.7
Белгородская область,2015,72.61,693379.4,93.22115732697593
Брянская область,2015,70.36,271782.5,88.96653921225351
Владимирская область,2015,69.82,368489.2,91.02875102641195
Воронежская область,2015,71.67,805969.6,89.09724106029937
Ивановская область,2015,70.62,180517.5,87.9
Калужская область,2015,70.73,339760.8,90.31731480856048
Костромская область,2015,70.38,160579.8,90.1
Курская область,2015,70.8,336999.4,89.8
Липецкая область,2015,71.07,448994.3,92.07195947984098
Московская область,2015,72.26,3180924.6,91.13456736115508
Орловская область,2015,70.38,208237.9,89.29126003058452
Рязанская область,2015,71.46,323131.8,90.03780428810498
Смоленская область,2015,69.74,256706.8,90.8
Тамбовская область,2015,71.67,317213.7,90.86989608642658
Тверская область,2015,69.1,329616.0,89.33430840674079
Тульская область,2015,70.06,477537.8,91.2602395730908
Ярославская область,2015,70.98,443054.1,89.80206706445443
г. Москва,2015,76.77,13520862.9,90.08727612092508
Республика Карелия,2015,69.16,212049.5,91.42128472392304
Республика Коми,2015,69.4,528403.4,89.2
Архангельская область,2015,70.71,627698.1,92.66505375189722
Вологодская область,2015,70.4,478893.0,89.02527677852964
Калининградская область,2015,70.58,349818.6,90.79616018360343
Ленинградская область,2015,71.23,849616.6,92.2
Мурманская область,2015,70.24,401582.7,92.0069543856615
Новгородская область,2015,68.7,234075.7,90.80537953396784
Псковская область,2015,68.48,135239.5,87.78617673299983
г. Санкт-Петербург,2015,74.42,3387417.7,92.4764822858451
Республика Адыгея,2015,72.22,84306.0,91.7846133744548
Республика Калмыкия,2015,72.15,51958.5,90.1549092371476
Краснодарский край,2015,72.53,1933512.1,89.93617250350394
Астраханская область,2015,71.36,322303.0,89.85478503023842
Волгоградская область,2015,71.98,740458.0,91.8066009298436
Ростовская область,2015,71.9,1189144.0,91.26902416174704
Республика Дагестан,2015,76.39,569297.3,90.1
Республика Ингушетия,2015,80.05,50091.0,85.12823731206396
Кабардино-Балкарская Республика,2015,74.61,120528.8,88.26844679527731
Карачаево-Черкесская Республика,2015,74.44,67482.7,89.0
Республика Северная Осетия - Алания,2015,74.2,126051.2,90.90719032368108
Ставропольский край,2015,73.36,621198.3,88.9
Республика Башкортостан,2015,70.08,1316598.3,90.9
Республика Марий Эл,2015,69.8,171689.5,92.7467167088397
Республика Мордовия,2015,72.06,180352.3,94.80843652083692
Республика Татарстан,2015,72.81,1867258.7,91.3348552669361
Удмуртская Республика,2015,70.46,517999.8,92.0916412614812
Чувашская Республика,2015,71.35,251307.0,89.61824631688778
Кировская область,2015,71.11,282191.0,92.1
Нижегородская область,2015,70.17,1104643.2,89.95902435691534
Оренбургская область,2015,69.63,774962.1,92.0
Пензенская область,2015,72.12,343328.6,90.7
Самарская область,2015,70.35,1264910.3,89.91119660931311
Саратовская область,2015,71.4,625176.9,89.4
Ульяновская область,2015,70.46,304479.1,91.8322777732316
Курганская область,2015,69.03,179436.3,89.12683257322064
Свердловская область,2015,69.83,1822835.0,89.9
Тюменская область,2015,71.76,5851557.8,91.37673667031504
Челябинская область,2015,69.9,1209242.7,93.81391419458528
Республика Алтай,2015,68.44,42165.7,88.39998770425449
Республика Тыва,2015,63.13,47289.6,90.50658783474064
Республика Хакасия,2015,68.68,170413.1,91.2828621928856
Алтайский край,2015,70.44,487903.3,89.95350087240817
Красноярский край,2015,69.69,1667041.1,93.60305795731546
Иркутская область,2015,67.37,1001717.6,91.29973255048488
Кемеровская область,2015,68.31,843345.4,92.00868545322793
Новосибирская область,2015,70.86,1021642.9,90.36151347343232
Омская область,2015,70.41,618127.7,91.18053140220076
Томская область,2015,71.25,471456.7,92.73771392929416
Республика Бурятия,2015,69.15,202823.4,89.44333609612815
Республика Саха (Якутия),2015,70.29,747601.7,95.59772961704866
Приморский край,2015,69.21,717609.9,90.24440509447464
Хабаровский край,2015,68.72,595792.3,88.800976540193
Амурская область,2015,67.27,277380.4,88.00643649562994
Магаданская область,2015,68.11,125798.3,92.82819661405684
Сахалинская область,2015,67.99,837495.2,99.80918942036364
Еврейская автономная область,2015,65.04,44554.8,91.49737139146038
Чукотский автономный округ,2015,64.16,61735.5,96.2920142001314
Белгородская область,2016,72.87,778027.8,100.78759192072695
Брянская область,2016,70.92,316489.4,98.5445219576136
Владимирская область,2016,70.28,431549.8,99.15194176188427
Воронежская область,2016,72.08,827928.6,99.1456172961892
Ивановская область,2016,70.77,205818.6,97.6
Калужская область,2016,71.18,409462.3,98.2734521830966
Костромская область,2016,70.87,170225.1,98.480404815508
Курская область,2016,70.94,379011.3,98.35043021818424
Липецкая область,2016,71.62,501263.5,100.37711360164458
Московская область,2016,72.5,4206506.0,96.3
Орловская область,2016,70.73,228583.1,98.61740370099228
Рязанская область,2016,71.87,366211.3,100.70017212514507
Смоленская область,2016,69.98,283725.5,100.3862756816362
Тамбовская область,2016,72.11,320623.4,97.93275717751578
Тверская область,2016,69.24,397438.9,98.8488614324585
Тульская область,2016,70.56,552308.4,99.70386783015326
Ярославская область,2016,71.21,498880.3,98.69156251016452
г. Москва,2016,77.08,15121534.2,102.9506245419298
Республика Карелия,2016,69.78,248140.4,101.07558701924044
Республика Коми,2016,69.45,578649.1,99.16622855115608
Архангельская область,2016,70.82,713043.9,99.38586747028266
Вологодская область,2016,70.24,509931.7,99.81339735725376
Калининградская область,2016,71.92,417094.9,97.080938033891
Ленинградская область,2016,71.7,953668.3,99.32508311759084
Мурманская область,2016,70.94,467006.5,99.24084317541572
Новгородская область,2016,69.15,253056.8,99.0
Псковская область,2016,69.25,159206.1,97.0787792269399
г. Санкт-Петербург,2016,74.9,4099939.7,103.02773318090578
Республика Адыгея,2016,72.59,101102.7,97.69976892632737
Республика Калмыкия,2016,73.35,69564.2,99.5
Краснодарский край,2016,72.83,2257074.5,100.3
Астраханская область,2016,72.2,368485.4,101.4
Волгоградская область,2016,72.49,825586.5,101.9
Ростовская область,2016,72.2,1375107.4,100.107290765589
Республика Дагестан,2016,77.23,617587.6,100.98608439826494
Республика Ингушетия,2016,80.82,58141.5,99.28086797447988
Кабардино-Балкарская Республика,2016,75.12,152970.8,96.2
Карачаево-Черкесская Республика,2016,74.72,78521.1,97.7
Республика Северная Осетия - Алания,2016,75.05,148810.1,100.2
Ставропольский край,2016,73.4,712594.5,99.10640030495884
Республика Башкортостан,2016,71.0,1421517.6,102.29251151408978
Республика Марий Эл,2016,70.75,170890.5,99.39158411569387
Республика Мордовия,2016,72.25,223297.8,100.1
Республика Татарстан,2016,73.64,2058139.9,98.27149312107744
Удмуртская Республика,2016,70.86,570254.8,103.6978569546736
Чувашская Республика,2016,71.52,284659.1,101.4749556410973
Кировская область,2016,71.71,313533.8,99.7370395509724
Нижегородская область,2016,70.75,1282751.7,101.2
Оренбургская область,2016,70.57,814765.4,101.97838455133837
Пензенская область,2016,72.53,358258.2,103.39625933988452
Самарская область,2016,71.08,1364822.2,98.79594574500064
Саратовская область,2016,72.07,700848.6,99.11550804067734
Ульяновская область,2016,70.97,366954.7,100.4367248128072
Курганская область,2016,69.43,202100.4,98.67257323809643
Свердловская область,2016,70.02,2109619.1,98.02856715398504
Тюменская область,2016,72.33,6125961.8,98.41151009738778
Челябинская область,2016,70.5,1332761.4,97.76398162461425
Республика Алтай,2016,70.13,47434.9,103.62319999833828
Республика Тыва,2016,64.21,58001.1,99.3
Республика Хакасия,2016,69.33,207742.6,102.72246205427552
Алтайский край,2016,70.74,532401.5,98.4
Красноярский край,2016,70.01,1821899.9,100.7662414445733
Иркутская область,2016,68.2,1139206.8,99.82589684517386
Кемеровская область,2016,68.72,903348.9,99.70246950007042
Новосибирская область,2016,71.2,1074794.7,101.21071079653188
Омская область,2016,70.78,669480.4,97.6215240228913
Томская область,2016,71.66,521043.5,98.9
Республика Бурятия,2016,69.61,220764.6,99.51888929313856
Республика Саха (Якутия),2016,70.84,889449.3,100.22072633069344
Приморский край,2016,69.66,860803.6,99.14811672213716
Хабаровский край,2016,69.13,672660.4,97.8
Амурская область,2016,68.28,297531.0,96.01540694964748
Магаданская область,2016,69.0,153879.8,98.89235406820372
Сахалинская область,2016,68.66,762510.3,100.0
Еврейская автономная область,2016,65.88,48563.2,96.8170442592246
Чукотский автономный округ,2016,64.42,72174.1,99.9
Белгородская область,2017,73.67,837306.8,104.4790652385589
Брянская область,2017,71.27,341177.8,103.1746031746032
Владимирская область,2017,71.15,449849.2,103.5514379463424
Воронежская область,2017,73.03,873429.4,102.81458554985976
Ивановская область,2017,71.47,212464.7,102.139140489497
Калужская область,2017,71.87,457052.5,103.3759298111768
Костромская область,2017,71.81,178485.6,103.14854162642456
Курская область,2017,71.74,404759.8,103.84726641596762
Липецкая область,2017,72.46,522266.2,105.06439430618768
Московская область,2017,73.34,4290261.2,105.69888332691568
Орловская область,2017,71.63,231118.4,103.50149512877398
Рязанская область,2017,72.7,395276.9,101.19674485399712
Смоленская область,2017,71.14,313615.8,101.13987635239567
Тамбовская область,2017,73.21,320572.4,102.90135396518376
Тверская область,2017,70.45,420671.5,102.36985236985238
Тульская область,2017,71.18,594407.6,104.06189555125724
Ярославская область,2017,71.85,534549.7,104.04791807554824
г. Москва,2017,77.87,16538189.5,98.70179457808324
Республика Карелия,2017,70.65,270802.5,100.77369439071566
Республика Коми,2017,71.05,608574.5,101.0725673978162
Архангельская область,2017,71.94,759206.5,101.9755955839628
Вологодская область,2017,71.26,542663.4,104.86454995630643
Калининградская область,2017,72.62,446677.6,100.41598142594565
Ленинградская область,2017,72.54,1002543.3,104.22480993167164
Мурманская область,2017,71.67,479352.8,101.66890466142335
Новгородская область,2017,69.68,256165.8,101.40028971511347
Псковская область,2017,69.95,165858.1,101.72430401695404
г. Санкт-Петербург,2017,75.45,4283036.300000001,105.7424983223085
Республика Адыгея,2017,73.25,109714.5,101.74697638702246
Республика Калмыкия,2017,73.54,80126.9,103.1669865642994
Краснодарский край,2017,73.42,2422752.7,101.509180044218
Астраханская область,2017,73.35,442608.8,104.45155659004944
Волгоградская область,2017,73.54,850263.7,101.6115024606774
Ростовская область,2017,73.03,1441723.3,103.40821068938806
Республика Дагестан,2017,77.79,639513.2999999999,103.26086956521738
Республика Ингушетия,2017,81.59,60855.8,98.54903106436848
Кабардино-Балкарская Республика,2017,75.81,155221.80000000002,101.19560019129604
Карачаево-Черкесская Республика,2017,75.94,82765.6,101.49686141960406
Республика Северная Осетия - Алания,2017,75.51,152526.4,104.89645829301335
Ставропольский край,2017,74.19,735609.5,103.82251248559352
Республика Башкортостан,2017,71.73,1487892.2,104.97667185069986
Республика Марий Эл,2017,72.24,178193.2,105.344395137951
Республика Мордовия,2017,73.4,236090.8,102.336037532988
Республика Татарстан,2017,74.2,2264655.8,103.98832684824905
Удмуртская Республика,2017,72.06,592037.6,105.4573703631773
Чувашская Республика,2017,72.73,296505.8,104.52859652547336
Кировская область,2017,72.72,331754.4,104.77672925381847
Нижегородская область,2017,71.88,1387920.9,102.6280452714368
Оренбургская область,2017,70.94,872857.1,101.54204247890604
Пензенская область,2017,73.34,376076.2,101.09289617486338
Самарская область,2017,71.73,1449005.7,104.55868089233752
Саратовская область,2017,72.88,728946.4,102.43664717348928
Ульяновская область,2017,72.34,374827.9,103.89985556090517
Курганская область,2017,70.8,209985.5,105.10076173946584
Свердловская область,2017,71.23,2259526.0,103.71442354076216
Тюменская область,2017,73.1,7097070.2,101.76312763510924
Челябинская область,2017,71.53,1416613.3,101.1846960574869
Республика Алтай,2017,71.15,48415.2,102.49145090376162
Республика Тыва,2017,66.29,65038.9,101.6390262826108
Республика Хакасия,2017,70.21,218148.4,101.5746500777605
Алтайский край,2017,71.1,545303.0,103.5514379463424
Красноярский край,2017,70.61,1977016.1,103.85699018750609
Иркутская область,2017,69.19,1268311.7,103.4715525554484
Кемеровская область,2017,69.35,1097861.0,105.7973843451103
Новосибирская область,2017,71.57,1179564.2,104.06140691799456
Омская область,2017,71.49,699716.5,102.86382232612507
Томская область,2017,72.02,554393.9,100.36637099884302
Республика Бурятия,2017,70.69,224594.1,104.65907985604512
Республика Саха (Якутия),2017,71.68,942029.6,100.30452988199468
Приморский край,2017,70.36,906265.0,103.444929645803
Хабаровский край,2017,69.74,697951.0,102.30895565645832
Амурская область,2017,69.06,299181.0,107.39299610894945
Магаданская область,2017,69.37,161851.2,104.74995172813284
Сахалинская область,2017,70.19,784503.4,101.8652749589253
Еврейская автономная область,2017,68.83,55268.0,102.57885150033556
Чукотский автономный округ,2017,66.1,72873.8,102.84718187100523
Белгородская область,2018,73.67,911597.9,106.7887257197332
Брянская область,2018,71.71,367157.1,107.0
Владимирская область,2018,71.23,480027.8,109.88690968847716
Воронежская область,2018,73.15,951292.3,108.7
Ивановская область,2018,71.29,232493.6,106.00965687612629
Калужская область,2018,71.89,507632.2,107.7654694127748
Костромская область,2018,71.87,191812.9,109.5680351943089
Курская область,2018,71.91,451000.5,106.0
Липецкая область,2018,72.62,604396.2,107.8
Московская область,2018,73.52,4644635.0,106.5262281057046
Орловская область,2018,71.56,247105.5,108.2
Рязанская область,2018,72.84,416183.2,106.5
Смоленская область,2018,71.16,335059.9,108.74190424485172
Тамбовская область,2018,72.95,352202.6,106.7
Тверская область,2018,70.47,471065.5,109.8
Тульская область,2018,71.77,666763.0,106.0
Ярославская область,2018,72.25,583605.3,106.0
г. Москва,2018,77.84,18777726.0,109.6
Республика Карелия,2018,70.56,300977.1,111.1
Республика Коми,2018,71.06,696242.2,107.0
Архангельская область,2018,72.1,865723.3,110.60421695301596
Вологодская область,2018,71.43,615647.7,109.06405345839426
Калининградская область,2018,72.92,493302.4,106.3
Ленинградская область,2018,73.07,1147644.4,107.9
Мурманская область,2018,71.68,521051.5,108.4005508397382
Новгородская область,2018,70.26,259255.8,103.99978261791036
Псковская область,2018,70.16,180730.3,110.22397978676224
г. Санкт-Петербург,2018,75.93,4785218.6,109.1
Республика Адыгея,2018,73.56,119961.8,110.2
Республика Калмыкия,2018,73.84,86107.1,110.5522565594812
Краснодарский край,2018,74.3,2499915.5,108.8
Астраханская область,2018,73.48,579210.0,110.70635839411636
Волгоградская область,2018,73.47,927811.7,107.4
Ростовская область,2018,73.21,1548222.9,108.01234177428398
Республика Дагестан,2018,78.69,676060.8,113.36939122648764
Республика Ингушетия,2018,82.41,67468.2,108.09010021235292
Кабардино-Балкарская Республика,2018,76.28,161577.5,110.8
Карачаево-Черкесская Республика,2018,76.09,85737.9,109.99927551873148
Республика Северная Осетия - Алания,2018,75.68,161092.7,106.67656162542582
Ставропольский край,2018,74.18,784045.7,105.71220702536048
Республика Башкортостан,2018,72.06,1739362.9,108.67394426940824
Республика Марий Эл,2018,71.99,192690.3,107.446750462533
Республика Мордовия,2018,73.66,245675.6,107.77681472625214
Республика Татарстан,2018,74.35,2622773.9,106.16624146446036
Удмуртская Республика,2018,72.45,679938.9,107.37355825499016
Чувашская Республика,2018,72.95,316622.9,107.71790519435918
Кировская область,2018,72.47,353265.5,107.86388587812424
Нижегородская область,2018,71.69,1502156.2,104.60243122615869
Оренбургская область,2018,71.45,1058504.8,108.08022144563012
Пензенская область,2018,73.21,411028.7,107.72205647360124
Самарская область,2018,72.31,1625558.7,107.65206073481905
Саратовская область,2018,72.95,773838.6,106.00176508687184
Ульяновская область,2018,72.17,386675.4,104.982788854334
Курганская область,2018,70.78,215589.9,107.54618103345013
Свердловская область,2018,71.29,2423689.4,106.86442373312885
Тюменская область,2018,73.4,8875003.7,105.33537012990156
Челябинская область,2018,71.64,1521325.4,106.35600001853824
Республика Алтай,2018,70.59,54069.4,114.89695426771264
Республика Тыва,2018,66.47,73681.6,107.8841606754098
Республика Хакасия,2018,71.15,242341.1,109.30005220541238
Алтайский край,2018,71.11,579740.5,108.2
Красноярский край,2018,70.71,2374749.9,113.0
Иркутская область,2018,69.31,1460512.2,108.8417786315541
Кемеровская область,2018,69.32,1266424.5,107.37713641065967
Новосибирская область,2018,71.83,1301631.1,108.45172186019757
Омская область,2018,71.96,736076.8,109.25258947477718
Томская область,2018,72.84,612431.7,108.42669637558753
Республика Бурятия,2018,70.84,258578.6,110.992506054577
Республика Саха (Якутия),2018,72.72,1126774.7,113.69158361366254
Приморский край,2018,70.48,965485.2,107.89836927335904
Хабаровский край,2018,70.19,761589.2,107.4921764295196
Амурская область,2018,69.11,334164.4,110.14444994427453
Магаданская область,2018,69.62,176370.6,110.0240235799942
Сахалинская область,2018,69.92,1233164.7,111.00101802151865
Еврейская автономная область,2018,68.6,54577.8,110.42448366882384
Чукотский автономный округ,2018,63.58,83422.6,103.96371697824954
Белгородская область,2019,74.21,955329.2,103.9836053573979
Брянская область,2019,72.31,399113.8,103.99567345447852
Владимирская область,2019,71.87,535493.4,103.53516794006062
Воронежская область,2019,73.63,1001790.3,103.4082389057852
Ивановская область,2019,71.84,254968.9,102.05008369806896
Калужская область,2019,72.35,549755.8,103.9219896754522
Костромская область,2019,72.35,203821.4,108.09209317953928
Курская область,2019,72.27,495864.4,103.8
Липецкая область,2019,73.34,570022.9,103.3194405318376
Московская область,2019,73.86,5196136.4,102.16397316497654
Орловская область,2019,72.56,266655.6,103.2310975672028
Рязанская область,2019,73.2,436417.7,102.6858878074886
Смоленская область,2019,71.89,349237.6,101.8
Тамбовская область,2019,73.56,353745.5,101.93102252835938
Тверская область,2019,71.24,488367.5,103.88881423730372
Тульская область,2019,72.21,676822.6,105.71117100796285
Ярославская область,2019,72.92,609150.8,101.59061378447925
г. Москва,2019,78.36,19797064.3,107.6
Республика Карелия,2019,71.46,319050.0,104.53397455997457
Республика Коми,2019,71.3,718138.7,100.385462755573
Архангельская область,2019,72.34,889974.4,103.8008875491186
Вологодская область,2019,71.82,632759.5,106.02915580814977
Калининградская область,2019,73.56,520951.2,101.70145192634344
Ленинградская область,2019,73.64,1223679.6,102.20675233200902
Мурманская область,2019,71.75,616504.1,104.76104961708776
Новгородская область,2019,70.52,273808.0,97.99852253676654
Псковская область,2019,70.65,196625.3,104.9
г. Санкт-Петербург,2019,76.31,5186129.3,104.71929879199293
Республика Адыгея,2019,73.85,131125.8,105.6966067679027
Республика Калмыкия,2019,74.84,88986.9,104.89900023944364
Краснодарский край,2019,73.91,2577131.1,102.16110797312216
Астраханская область,2019,73.86,601811.2,103.03829521895598
Волгоградская область,2019,74.07,963214.4,103.61325554786411
Ростовская область,2019,73.69,1636017.5,102.71953554122828
Республика Дагестан,2019,79.1,713723.6,102.01674534503913
Республика Ингушетия,2019,83.4,73791.6,104.8846457507496
Кабардино-Балкарская Республика,2019,76.46,171544.7,101.55233516844646
Карачаево-Черкесская Республика,2019,76.21,91430.0,101.39475893590256
Республика Северная Осетия - Алания,2019,75.75,173459.4,102.86532144112942
Ставропольский край,2019,74.66,829223.9,104.74450565410814
Республика Башкортостан,2019,72.64,1803321.7,103.32277774859136
Республика Марий Эл,2019,72.9,203282.1,101.9195266600273
Республика Мордовия,2019,73.95,262760.6,104.21493832108962
Республика Татарстан,2019,75.03,2808753.3,102.15672114956332
Удмуртская Республика,2019,72.8,722846.0,103.48400212779822
Чувашская Республика,2019,73.44,339490.4,105.1
Кировская область,2019,72.96,370472.6,104.09748144417104
Нижегородская область,2019,72.32,1617171.7,102.4
Оренбургская область,2019,72.04,1106329.3,103.88967409658252
Пензенская область,2019,73.61,448521.1,101.94364060728785
Самарская область,2019,72.77,1689575.4,103.28463176968968
Саратовская область,2019,73.07,809822.6,109.67747049327104
Ульяновская область,2019,72.96,424995.6,103.34000695156357
Курганская область,2019,71.14,236825.8,104.07714992774947
Свердловская область,2019,71.81,2535215.0,103.11711696950124
Тюменская область,2019,74.04,8952460.5,103.00154858331602
Челябинская область,2019,72.08,1547518.0,102.40660666034842
Республика Алтай,2019,70.29,57064.0,105.4
Республика Тыва,2019,67.57,79321.3,101.57519204545102
Республика Хакасия,2019,71.05,256322.3,104.87291807358858
Алтайский край,2019,71.61,628146.1,104.20546417022828
Красноярский край,2019,71.16,2696158.9,104.2
Иркутская область,2019,69.55,1540237.8,104.95438506927924
Кемеровская область,2019,69.78,1110194.8,103.43079939060692
Новосибирская область,2019,72.25,1332895.8,103.35936594729478
Омская область,2019,72.32,772095.9,104.41776533160456
Томская область,2019,72.85,617903.6,102.581308796071
Республика Бурятия,2019,70.77,285490.6,106.78307008223426
Республика Саха (Якутия),2019,73.0,1227680.3,102.911886413962
Приморский край,2019,70.54,1069330.7,106.7
Хабаровский край,2019,70.05,805215.6,101.5925272129432
Амурская область,2019,68.66,395617.2,106.04681101347886
Магаданская область,2019,69.66,214414.9,105.90169802300576
Сахалинская область,2019,70.28,1172226.1,108.82721415866952
Еврейская автономная область,2019,68.08,56847.6,102.6
Чукотский автономный округ,2019,68.09,94995.0,102.9242066370261
Белгородская область,2020,72.37,997330.9,104.80433940333204
Брянская область,2020,70.63,414179.4,102.94400615739848
Владимирская область,2020,70.03,553092.4,102.9980657640232
Воронежская область,2020,71.91,1062765.4,103.1875179477362
Ивановская область,2020,70.66,269508.8,101.63618864292587
Калужская область,2020,70.38,561895.8,102.41080038572804
Костромская область,2020,70.92,204114.1,98.5766493556453
Курская область,2020,70.52,523000.5,105.31884197364624
Липецкая область,2020,70.59,618273.1,103.3053869133661
Московская область,2020,71.67,5406076.5,101.7923241768946
Орловская область,2020,70.1,282883.7,103.68151512223405
Рязанская область,2020,70.95,461214.6,101.77161563643368
Смоленская область,2020,70.1,365048.1,102.51450676982591
Тамбовская область,2020,71.78,376258.7,104.07849172758756
Тверская область,2020,69.76,486599.1,103.94126738794436
Тульская область,2020,70.2,713110.4,103.34522317555192
Ярославская область,2020,70.94,611748.5,100.89362928797924
г. Москва,2020,76.2,20260717.7,103.06974936856422
Республика Карелия,2020,69.63,322803.6,104.1085345905898
Республика Коми,2020,70.3,613266.9,102.10897986449088
Архангельская область,2020,71.35,781819.0,102.77670651754724
Вологодская область,2020,70.71,624437.1,105.38483768423082
Калининградская область,2020,72.93,549311.2,99.18950212273252
Ленинградская область,2020,71.53,1238641.3,101.13669484115417
Мурманская область,2020,69.81,798450.1,105.07456904900252
Новгородская область,2020,69.59,279689.3,102.44043599884247
Псковская область,2020,69.13,201756.7,103.86332750922152
г. Санкт-Петербург,2020,73.99,5332558.3,100.95920937893617
Республика Адыгея,2020,73.27,142913.5,102.89855072463769
Республика Калмыкия,2020,72.93,94025.9,107.55478662053058
Краснодарский край,2020,72.24,2667228.2,103.18767561282824
Астраханская область,2020,72.01,527290.2,104.45155659004944
Волгоградская область,2020,71.98,977707.7,104.15458937198068
Ростовская область,2020,72.04,1714576.7,102.1297192642788
Республика Дагестан,2020,76.43,740798.8,111.6
Республика Ингушетия,2020,81.48,70857.40000000001,104.31932124951793
Кабардино-Балкарская Республика,2020,74.37,180077.5,104.9537393986122
Карачаево-Черкесская Республика,2020,74.82,95297.1,107.0117828858412
Республика Северная Осетия - Алания,2020,74.08,179159.0,103.02264554378462
Ставропольский край,2020,73.2,846890.1,102.49494268374916
Республика Башкортостан,2020,70.36,1694189.7,102.54924681344148
Республика Марий Эл,2020,71.05,197948.7,103.75896144158108
Республика Мордовия,2020,71.6,266387.0,105.0632911392405
Республика Татарстан,2020,72.61,2631286.8,103.10378273520855
Удмуртская Республика,2020,71.03,684430.6,103.38818973862536
Чувашская Республика,2020,71.03,346046.4,104.26586337576522
Кировская область,2020,71.42,396946.8,104.12857280338754
Нижегородская область,2020,70.33,1600333.4,102.82083373447576
Оренбургская область,2020,69.73,1046728.3,103.79377431906616
Пензенская область,2020,71.34,484785.4,102.89855072463769
Самарская область,2020,70.45,1625461.8,102.55421686746988
Саратовская область,2020,71.14,856515.7,104.66788076296368
Ульяновская область,2020,70.98,438968.9,102.1686746987952
Курганская область,2020,69.94,240188.2,104.26494656782516
Свердловская область,2020,70.15,2512654.9,102.09627329192546
Тюменская область,2020,72.24,7280595.6,105.29904539255796
Челябинская область,2020,70.29,1602739.4,101.65393171486603
Республика Алтай,2020,69.15,62850.8,105.52910309979592
Республика Тыва,2020,66.25,82230.8,103.96611474778592
Республика Хакасия,2020,70.06,266213.2,103.82460884682249
Алтайский край,2020,70.19,664129.2,105.50769528603232
Красноярский край,2020,69.82,2725096.7,100.63866847300172
Иркутская область,2020,68.25,1494326.6,102.88424312814556
Кемеровская область,2020,68.51,1045077.1,103.73242850218128
Новосибирская область,2020,70.32,1358350.1,103.23203087313073
Омская область,2020,70.32,770280.4,102.85769267776388
Томская область,2020,71.17,553211.6,102.18908326163849
Республика Бурятия,2020,70.29,302800.4,107.0156866519103
Республика Саха (Якутия),2020,71.1,1133688.2,102.91020486310548
Приморский край,2020,69.55,1105672.6,103.08582449373192
Хабаровский край,2020,68.61,856904.8,101.8875192604006
Амурская область,2020,67.38,449317.5,105.23321956769055
Магаданская область,2020,69.04,285146.0,105.03875968992249
Сахалинская область,2020,69.73,1001689.4,101.65257494235205
Еврейская автономная область,2020,67.5,63177.1,103.72062042059189
Чукотский автономный округ,2020,65.82,119949.4,110.5330322960636
Белгородская область,2021,70.67,1359965.6,104.4
Брянская область,2021,68.67,482669.4,104.1
Владимирская область,2021,68.11,730328.8,104.7
Воронежская область,2021,69.49,1273851.9,103.8
Ивановская область,2021,69.02,308392.2,103.2
Калужская область,2021,69.16,671155.5,103.2
Костромская область,2021,68.78,247508.0,104.0
Курская область,2021,68.56,688469.1,104.4
Липецкая область,2021,68.58,853038.4,101.2
Московская область,2021,70.35,6809951.1,102.6
Орловская область,2021,68.97,338266.1,104.5
Рязанская область,2021,68.61,544053.6,103.6
Смоленская область,2021,68.0,428827.5,103.2
Тамбовская область,2021,69.88,442996.9,102.7
Тверская область,2021,67.87,564548.5,104.2
Тульская область,2021,68.97,887541.1,101.9
Ярославская область,2021,69.07,695015.4,102.0
г. Москва,2021,74.55,24265759.9,106.8
Республика Карелия,2021,67.31,447564.1,99.1
Республика Коми,2021,68.32,869995.8,100.2
Архангельская область,2021,69.6,1080494.9,101.8
Вологодская область,2021,69.08,1026496.5,99.4
Калининградская область,2021,70.99,683811.6,105.6
Ленинградская область,2021,70.17,1473287.1,102.9
Мурманская область,2021,68.29,1106607.7,104.8
Новгородская область,2021,67.64,345664.3,107.9
Псковская область,2021,67.69,227739.7,105.7
г. Санкт-Петербург,2021,72.51,9420445.3,104.2
Республика Адыгея,2021,71.22,171386.1,104.2
Республика Калмыкия,2021,71.4,102377.2,94.6
Краснодарский край,2021,70.53,3280988.8,105.2
Астраханская область,2021,69.9,663770.6,101.5
Волгоградская область,2021,69.96,1067376.2,101.9
Ростовская область,2021,69.79,2042953.9,103.2
Республика Дагестан,2021,76.59,802523.3,92.3
Республика Ингушетия,2021,80.52,71831.70000000001,98.2
Кабардино-Балкарская Республика,2021,73.77,212776.9,98.8
Карачаево-Черкесская Республика,2021,73.47,108591.7,103.8
Республика Северная Осетия - Алания,2021,72.47,197993.1,101.1
Ставропольский край,2021,71.66,1037863.5,103.0
Республика Башкортостан,2021,69.49,2016023.7,103.7
Республика Марий Эл,2021,69.46,226451.5,103.4
Республика Мордовия,2021,70.24,304167.2,104.5
Республика Татарстан,2021,71.28,3533272.5,107.7
Удмуртская Республика,2021,69.99,867612.5,102.5
Чувашская Республика,2021,69.99,399899.3,105.3
Кировская область,2021,69.73,488594.5,103.3
Нижегородская область,2021,68.93,1931254.1,102.8
Оренбургская область,2021,68.21,1409921.0,102.3
Пензенская область,2021,69.97,540115.8,102.1
Самарская область,2021,69.33,2157662.0,102.9
Саратовская область,2021,69.08,1009797.7,104.3
Ульяновская область,2021,69.05,508499.1,103.5
Курганская область,2021,68.29,272175.2,101.5
Свердловская область,2021,68.79,3083947.1,105.3
Тюменская область,2021,71.26,11492922.3,101.4
Челябинская область,2021,69.16,2064927.6,105.3
Республика Алтай,2021,67.86,74513.4,103.8
Республика Тыва,2021,66.87,91529.3,100.7
Республика Хакасия,2021,68.49,315304.4,104.4
Алтайский край,2021,68.6,869672.1,104.1
Красноярский край,2021,68.34,3122115.3,103.9
Иркутская область,2021,66.8,1972480.5,104.5
Кемеровская область,2021,67.61,1823647.7,101.2
Новосибирская область,2021,69.19,1628844.4,99.0
Омская область,2021,69.02,796044.1,103.9
Томская область,2021,69.7,723226.5,101.7
Республика Бурятия,2021,68.91,356150.2,98.1
Республика Саха (Якутия),2021,69.98,1672273.8,103.4
Приморский край,2021,68.61,1354099.5,104.7
Хабаровский край,2021,67.85,1017795.1,105.0
Амурская область,2021,66.3,548269.8,106.2
Магаданская область,2021,67.41,320159.6,102.9
Сахалинская область,2021,68.42,1237949.8,96.9
Еврейская автономная область,2021,66.12,79156.9,101.4
Чукотский автономный округ,2021,64.87,140026.3,104.6
Белгородская область,2022,73.03,1282187.9,99.44680796615518
Брянская область,2022,71.22,547720.9,99.70214849123748
Владимирская область,2022,70.8,779080.5,100.04613386137396
Воронежская область,2022,72.45,1363025.6,99.28260695172608
Ивановская область,2022,70.57,362816.5,96.78760675841332
Калужская область,2022,72.48,687651.6,94.4447446166452
Костромская область,2022,69.9,275038.3,97.31468086096925
Курская область,2022,71.54,663507.8,98.9136199631802
Липецкая область,2022,72.12,780138.9,101.3907206195534
Московская область,2022,73.78,7774430.0,95.43193807838192
Орловская область,2022,70.73,366295.8,99.4836206527642
Рязанская область,2022,72.14,614419.9,98.7617484408294
Смоленская область,2022,70.35,483282.4,100.84145917391253
Тамбовская область,2022,72.01,452306.1,99.54915376071794
Тверская область,2022,69.94,620842.8,98.94475467069992
Тульская область,2022,71.86,1002419.4,102.53014581793812
Ярославская область,2022,71.55,740598.6,100.09080114531434
г. Москва,2022,78.17,27726392.1,98.6651367089502
Республика Карелия,2022,69.03,392693.2,99.34293879150825
Республика Коми,2022,69.94,971635.0,99.9479911080193
Архангельская область,2022,70.93,1189495.0,96.87542857905632
Вологодская область,2022,71.56,1020858.9,102.55494018754644
Калининградская область,2022,73.07,733450.2,99.72702825659104
Ленинградская область,2022,73.33,1660133.9,101.40115578599224
Мурманская область,2022,70.16,1152107.7,99.37390440849248
Новгородская область,2022,70.45,377578.5,102.87069608192422
Псковская область,2022,68.95,255842.8,97.01375529994816
г. Санкт-Петербург,2022,75.77,11173493.1,100.105780634787
Республика Адыгея,2022,73.6,191559.8,97.24051789913864
Республика Калмыкия,2022,73.49,119775.6,96.49934977576234
Краснодарский край,2022,72.92,4289164.5,102.00015632140205
Астраханская область,2022,71.8,763880.4,99.69700225313724
Волгоградская область,2022,73.24,1208235.4,100.50662490898232
Ростовская область,2022,72.0,2317782.0,100.25465782695716
Республика Дагестан,2022,78.22,876956.5,95.81762247525766
Республика Ингушетия,2022,78.34,83872.5,88.16323957396739
Кабардино-Балкарская Республика,2022,75.51,246552.8,98.6036237918907
Карачаево-Черкесская Республика,2022,75.32,123939.3,94.89757956249932
Республика Северная Осетия - Алания,2022,74.7,221180.7,97.1645292042029
Ставропольский край,2022,74.29,1177815.9,97.9453754250598
Республика Башкортостан,2022,72.98,2217066.7,100.7860879579756
Республика Марий Эл,2022,71.9,252741.9,100.37192009874988
Республика Мордовия,2022,73.16,338912.4,101.76669389227386
Республика Татарстан,2022,74.92,4144697.3,100.07471483033446
Удмуртская Республика,2022,72.13,965539.8,100.13075501534124
Чувашская Республика,2022,72.49,489177.6,101.18001142637468
Кировская область,2022,71.31,548013.8,98.54206224247405
Нижегородская область,2022,71.49,2277255.2,103.08958171495313
Оренбургская область,2022,71.24,1565767.7,99.00985877178972
Пензенская область,2022,72.07,588291.7,100.20332331490384
Самарская область,2022,72.14,2367618.4,100.0879533769871
Саратовская область,2022,72.85,1176232.0,101.0283380362496
Ульяновская область,2022,71.34,586437.6,100.11293875165418
Курганская область,2022,69.88,336231.3,101.07366398163693
Свердловская область,2022,71.31,3443588.6,100.33989690590394
Тюменская область,2022,74.59,13908749.1,103.75942853938416
Челябинская область,2022,72.16,2228903.6,102.74055200120786
Республика Алтай,2022,68.47,89613.1,95.42287364830428
Республика Тыва,2022,67.11,107913.7,98.11026604733772
Республика Хакасия,2022,70.57,345846.6,100.70351213777188
Алтайский край,2022,69.96,929614.2,103.62420952781537
Красноярский край,2022,70.58,3314866.6,103.57905677585704
Иркутская область,2022,69.31,2347579.8,102.28357623425698
Кемеровская область,2022,69.64,2170130.3,99.9952322064042
Новосибирская область,2022,71.49,1927143.6,99.50868272433576
Омская область,2022,71.45,926750.2,100.12001234858954
Томская область,2022,72.33,813183.4,101.74454033361395
Республика Бурятия,2022,69.35,447267.3,100.68492827736505
Республика Саха (Якутия),2022,72.67,2009286.6,99.23660314786062
Приморский край,2022,69.71,1575745.3,101.4999676631818
Хабаровский край,2022,69.96,1065100.8,100.2930430831464
Амурская область,2022,68.17,603562.5,99.50816442224124
Магаданская область,2022,68.45,315361.1,95.77261054771944
Сахалинская область,2022,70.37,1672496.2,96.82464456985598
Еврейская автономная область,2022,67.7,81120.5,99.60261271863808
Чукотский автономный округ,2022,66.2,145059.8,102.014939510871
Белгородская область,2023,73.7,1341408.9,107.8
Брянская область,2023,71.98,627017.8,110.1
Владимирская область,2023,71.62,893416.3,109.9
Воронежская область,2023,72.91,1494401.9,109.3
Ивановская область,2023,71.18,435227.7,109.5
Калужская область,2023,73.08,792281.5,106.9
Костромская область,2023,71.05,316018.2,108.0
Курская область,2023,72.45,747687.1,109.4
Липецкая область,2023,72.44,950272.5,109.4
Московская область,2023,74.49,9244579.6,109.3
Орловская область,2023,71.65,398720.4,109.9
Рязанская область,2023,73.19,692685.4,110.1
Смоленская область,2023,71.47,556552.9,113.2
Тамбовская область,2023,72.87,522646.8,109.5
Тверская область,2023,70.61,750838.4,112.0
Тульская область,2023,72.15,1149160.2,111.7
Ярославская область,2023,71.99,849769.9,111.5
г. Москва,2023,79.38,32339001.6,104.4
Республика Карелия,2023,69.75,434291.1,108.2
Республика Коми,2023,70.43,1049365.5,106.6
Архангельская область,2023,71.51,1263045.1,106.2
Вологодская область,2023,71.7,1081822.9,103.7
Калининградская область,2023,73.71,785205.9,108.6
Ленинградская область,2023,74.88,1915187.7,107.2
Мурманская область,2023,70.44,1127497.3,106.0
Новгородская область,2023,70.43,408968.1,111.0
Псковская область,2023,70.0,288750.0,109.3
г. Санкт-Петербург,2023,76.55,10908028.0,105.2
Республика Адыгея,2023,75.36,223013.0,110.1
Республика Калмыкия,2023,74.53,166710.2,111.3
Краснодарский край,2023,73.71,4772036.0,109.0
Астраханская область,2023,72.2,777718.3,106.6
Волгоградская область,2023,73.69,1384980.9,111.2
Ростовская область,2023,73.48,2693193.0,109.5
Республика Дагестан,2023,79.87,1034705.4,105.2
Республика Ингушетия,2023,79.2,95319.7,101.4
Кабардино-Балкарская Республика,2023,77.14,291100.4,106.5
Карачаево-Черкесская Республика,2023,76.25,143310.6,107.5
Республика Северная Осетия - Алания,2023,76.16,266555.8,106.7
Ставропольский край,2023,74.86,1340782.0,106.0
Республика Башкортостан,2023,73.17,2460269.4,110.5
Республика Марий Эл,2023,72.04,304473.1,112.3
Республика Мордовия,2023,73.78,396833.0,112.0
Республика Татарстан,2023,75.23,4583352.3,112.8
Удмуртская Республика,2023,72.34,1102900.3,110.3
Чувашская Республика,2023,73.07,601316.7,114.8
Кировская область,2023,71.99,605915.5,111.1
Нижегородская область,2023,72.1,2672241.8,111.0
Оренбургская область,2023,71.12,1763998.8,116.2
Пензенская область,2023,72.63,659002.8,111.0
Самарская область,2023,72.53,2646488.2,111.7
Саратовская область,2023,73.27,1345119.0,110.6
Ульяновская область,2023,72.04,673635.5,110.3
Курганская область,2023,69.79,380466.7,115.9
Свердловская область,2023,71.84,4128119.1,111.1
Тюменская область,2023,75.44,15946597.2,108.9
Челябинская область,2023,72.43,2589084.6,110.4
Республика Алтай,2023,69.39,108336.5,112.7
Республика Тыва,2023,66.59,122532.5,108.0
Республика Хакасия,2023,70.68,378551.6,110.6
Алтайский край,2023,70.77,1024355.4,106.7
Красноярский край,2023,71.32,3719646.8,110.4
Иркутская область,2023,69.82,2539383.9,113.8
Кемеровская область,2023,70.29,1883825.1,112.2
Новосибирская область,2023,72.2,2216436.2,110.6
Омская область,2023,71.83,1056600.3,107.2
Томская область,2023,73.05,912449.4,108.3
Республика Бурятия,2023,69.54,503918.8,104.2
Республика Саха (Якутия),2023,73.55,2229816.5,109.6
Приморский край,2023,70.06,1862934.3,109.0
Хабаровский край,2023,70.33,1262368.1,109.3
Амурская область,2023,68.25,793851.9,102.9
Магаданская область,2023,69.3,403892.8000000001,104.4
Сахалинская область,2023,70.22,1624560.7,104.8
Еврейская автономная область,2023,68.3,102215.3,108.3
Чукотский автономный округ,2023,66.56,186709.4,106.8
