region,year,real_wage_index
Белгородская область,2001,118.2
Брянская область,2001,125.0
Владимирская область,2001,119.9
Воронежская область,2001,115.8
Ивановская область,2001,124.3
Калужская область,2001,123.7
Костромская область,2001,120.0
Курская область,2001,111.2
Липецкая область,2001,117.4
Московская область,2001,121.8
Орловская область,2001,120.8
Рязанская область,2001,125.4
Смоленская область,2001,119.0
Тамбовская область,2001,119.0
Тверская область,2001,122.8
Тульская область,2001,120.2
Ярославская область,2001,120.7
г. Москва,2001,124.0
Республика Карелия,2001,109.8
Республика Коми,2001,117.5
Архангельская область,2001,116.6
Вологодская область,2001,116.0
Калининградская область,2001,121.6
Ленинградская область,2001,120.7
Мурманская область,2001,114.4
Новгородская область,2001,117.7
Псковская область,2001,118.2
г. Санкт-Петербург,2001,119.9
Республика Адыгея,2001,114.0
Республика Калмыкия,2001,123.3
Краснодарский край,2001,118.7
Астраханская область,2001,116.0
Волгоградская область,2001,116.0
Ростовская область,2001,125.3
Республика Дагестан,2001,114.5
Республика Ингушетия,2001,109.3
Кабардино-Балкарская Республика,2001,113.3
Карачаево-Черкесская Республика,2001,121.5
Республика Северная Осетия - Алания,2001,121.4
Ставропольский край,2001,120.4
Республика Башкортостан,2001,120.6
Республика Марий Эл,2001,116.3
Республика Мордовия,2001,117.1
Республика Татарстан,2001,120.3
Удмуртская Республика,2001,119.8
Чувашская Республика,2001,117.4
Кировская область,2001,114.0
Нижегородская область,2001,120.7
Оренбургская область,2001,111.0
Пензенская область,2001,114.6
Самарская область,2001,118.8
Саратовская область,2001,115.9
Ульяновская область,2001,107.5
Курганская область,2001,113.7
Свердловская область,2001,114.1
Тюменская область,2001,122.0
Челябинская область,2001,110.9
Республика Алтай,2001,124.2
Республика Бурятия,2001,115.3
Республика Тыва,2001,125.9
Республика Хакасия,2001,113.4
Алтайский край,2001,110.3
Красноярский край,2001,110.5
Иркутская область,2001,112.9
Кемеровская область,2001,112.6
Новосибирская область,2001,121.1
Омская область,2001,130.7
Томская область,2001,125.7
Республика Саха (Якутия),2001,114.9
Приморский край,2001,114.5
Хабаровский край,2001,114.8
Амурская область,2001,118.5
Магаданская область,2001,110.9
Сахалинская область,2001,112.2
Еврейская автономная область,2001,117.7
Чукотский автономный округ,2001,132.7
Белгородская область,2002,119.2
Брянская область,2002,123.9
Владимирская область,2002,119.8
Воронежская область,2002,117.0
Ивановская область,2002,126.2
Калужская область,2002,117.2
Костромская область,2002,118.6
Курская область,2002,120.2
Липецкая область,2002,113.0
Московская область,2002,117.8
Орловская область,2002,117.7
Рязанская область,2002,123.4
Смоленская область,2002,121.1
Тамбовская область,2002,127.6
Тверская область,2002,122.1
Тульская область,2002,117.6
Ярославская область,2002,117.7
г. Москва,2002,108.8
Республика Карелия,2002,119.2
Республика Коми,2002,109.1
Архангельская область,2002,114.5
Вологодская область,2002,111.8
Калининградская область,2002,125.0
Ленинградская область,2002,120.1
Мурманская область,2002,110.9
Новгородская область,2002,120.2
Псковская область,2002,122.6
г. Санкт-Петербург,2002,127.2
Республика Адыгея,2002,123.3
Республика Калмыкия,2002,122.6
Краснодарский край,2002,115.9
Астраханская область,2002,113.8
Волгоградская область,2002,110.2
Ростовская область,2002,119.9
Республика Дагестан,2002,136.6
Республика Ингушетия,2002,127.5
Кабардино-Балкарская Республика,2002,120.8
Карачаево-Черкесская Республика,2002,125.8
Республика Северная Осетия - Алания,2002,127.3
Ставропольский край,2002,116.2
Республика Башкортостан,2002,114.5
Республика Марий Эл,2002,126.2
Республика Мордовия,2002,126.0
Республика Татарстан,2002,109.1
Удмуртская Республика,2002,112.6
Чувашская Республика,2002,120.5
Кировская область,2002,120.9
Нижегородская область,2002,116.3
Оренбургская область,2002,112.6
Пензенская область,2002,125.8
Самарская область,2002,114.5
Саратовская область,2002,121.2
Ульяновская область,2002,119.8
Курганская область,2002,116.3
Свердловская область,2002,119.2
Тюменская область,2002,102.4
Челябинская область,2002,113.7
Республика Алтай,2002,141.7
Республика Бурятия,2002,128.5
Республика Тыва,2002,142.8
Республика Хакасия,2002,116.5
Алтайский край,2002,120.2
Красноярский край,2002,106.0
Иркутская область,2002,120.0
Кемеровская область,2002,111.1
Новосибирская область,2002,122.1
Омская область,2002,133.1
Томская область,2002,110.6
Республика Саха (Якутия),2002,119.0
Приморский край,2002,119.1
Хабаровский край,2002,116.9
Амурская область,2002,126.8
Магаданская область,2002,116.1
Сахалинская область,2002,119.6
Еврейская автономная область,2002,126.7
Чукотский автономный округ,2002,127.7
Белгородская область,2003,114.6
Брянская область,2003,110.6
Владимирская область,2003,109.7
Воронежская область,2003,121.8
Ивановская область,2003,109.0
Калужская область,2003,112.2
Костромская область,2003,110.8
Курская область,2003,119.8
Липецкая область,2003,113.3
Московская область,2003,110.5
Орловская область,2003,103.1
Рязанская область,2003,113.7
Смоленская область,2003,109.1
Тамбовская область,2003,115.0
Тверская область,2003,112.6
Тульская область,2003,109.3
Ярославская область,2003,112.4
г. Москва,2003,119.3
Республика Карелия,2003,106.7
Республика Коми,2003,104.5
Архангельская область,2003,110.8
Вологодская область,2003,108.3
Калининградская область,2003,111.9
Ленинградская область,2003,106.0
Мурманская область,2003,101.5
Новгородская область,2003,111.8
Псковская область,2003,114.8
г. Санкт-Петербург,2003,104.8
Республика Адыгея,2003,110.1
Республика Калмыкия,2003,102.2
Краснодарский край,2003,105.7
Астраханская область,2003,109.5
Волгоградская область,2003,113.7
Ростовская область,2003,109.6
Республика Дагестан,2003,117.3
Республика Ингушетия,2003,111.8
Кабардино-Балкарская Республика,2003,111.3
Карачаево-Черкесская Республика,2003,111.1
Республика Северная Осетия - Алания,2003,102.1
Ставропольский край,2003,108.3
Республика Башкортостан,2003,105.5
Республика Марий Эл,2003,114.5
Республика Мордовия,2003,118.0
Республика Татарстан,2003,104.7
Удмуртская Республика,2003,110.5
Чувашская Республика,2003,114.4
Кировская область,2003,109.6
Нижегородская область,2003,105.0
Оренбургская область,2003,111.3
Пензенская область,2003,122.7
Самарская область,2003,107.3
Саратовская область,2003,114.5
Ульяновская область,2003,109.8
Курганская область,2003,112.8
Свердловская область,2003,111.6
Тюменская область,2003,107.6
Челябинская область,2003,113.0
Республика Алтай,2003,109.3
Республика Бурятия,2003,111.4
Республика Тыва,2003,112.3
Республика Хакасия,2003,110.4
Алтайский край,2003,108.0
Красноярский край,2003,99.6
Иркутская область,2003,106.5
Кемеровская область,2003,109.6
Новосибирская область,2003,109.5
Омская область,2003,112.7
Томская область,2003,110.2
Республика Саха (Якутия),2003,106.0
Приморский край,2003,112.5
Хабаровский край,2003,113.0
Амурская область,2003,110.7
Магаданская область,2003,115.0
Сахалинская область,2003,116.4
Еврейская автономная область,2003,110.6
Чукотский автономный округ,2003,109.2
Белгородская область,2004,106.1
Брянская область,2004,112.2
Владимирская область,2004,104.2
Воронежская область,2004,109.5
Ивановская область,2004,110.4
Калужская область,2004,111.5
Костромская область,2004,107.1
Курская область,2004,111.4
Липецкая область,2004,111.0
Московская область,2004,109.7
Орловская область,2004,110.6
Рязанская область,2004,110.4
Смоленская область,2004,106.7
Тамбовская область,2004,110.7
Тверская область,2004,112.7
Тульская область,2004,108.5
Ярославская область,2004,111.6
г. Москва,2004,112.1
Республика Карелия,2004,109.6
Республика Коми,2004,106.0
Архангельская область,2004,112.9
Вологодская область,2004,114.2
Калининградская область,2004,104.9
Ленинградская область,2004,108.4
Мурманская область,2004,104.8
Новгородская область,2004,111.1
Псковская область,2004,108.1
г. Санкт-Петербург,2004,110.8
Республика Адыгея,2004,113.4
Республика Калмыкия,2004,109.7
Краснодарский край,2004,115.3
Астраханская область,2004,111.7
Волгоградская область,2004,110.9
Ростовская область,2004,112.5
Республика Дагестан,2004,114.2
Республика Ингушетия,2004,104.2
Кабардино-Балкарская Республика,2004,110.9
Карачаево-Черкесская Республика,2004,109.2
Республика Северная Осетия - Алания,2004,110.3
Ставропольский край,2004,112.6
Республика Башкортостан,2004,107.3
Республика Марий Эл,2004,108.9
Республика Мордовия,2004,109.2
Республика Татарстан,2004,108.4
Удмуртская Республика,2004,106.3
Чувашская Республика,2004,112.7
Кировская область,2004,111.5
Нижегородская область,2004,111.0
Оренбургская область,2004,110.8
Пензенская область,2004,99.4
Самарская область,2004,108.3
Саратовская область,2004,112.4
Ульяновская область,2004,105.2
Курганская область,2004,112.1
Свердловская область,2004,112.9
Тюменская область,2004,107.1
Челябинская область,2004,110.8
Республика Алтай,2004,106.0
Республика Бурятия,2004,106.0
Республика Тыва,2004,103.4
Республика Хакасия,2004,107.9
Алтайский край,2004,113.6
Красноярский край,2004,107.5
Иркутская область,2004,107.9
Кемеровская область,2004,116.0
Новосибирская область,2004,115.5
Омская область,2004,112.8
Томская область,2004,106.5
Республика Саха (Якутия),2004,105.8
Приморский край,2004,110.2
Хабаровский край,2004,106.6
Амурская область,2004,108.2
Магаданская область,2004,107.0
Сахалинская область,2004,113.8
Еврейская автономная область,2004,105.7
Чукотский автономный округ,2004,95.0
Белгородская область,2005,111.5
Брянская область,2005,110.9
Владимирская область,2005,112.3
Воронежская область,2005,109.6
Ивановская область,2005,113.2
Калужская область,2005,110.1
Костромская область,2005,113.5
Курская область,2005,100.4
Липецкая область,2005,112.3
Московская область,2005,113.2
Орловская область,2005,110.7
Рязанская область,2005,109.9
Смоленская область,2005,108.3
Тамбовская область,2005,108.3
Тверская область,2005,106.9
Тульская область,2005,108.8
Ярославская область,2005,104.9
г. Москва,2005,121.0
Республика Карелия,2005,112.9
Республика Коми,2005,109.9
Архангельская область,2005,111.8
Вологодская область,2005,112.4
Калининградская область,2005,108.4
Ленинградская область,2005,111.3
Мурманская область,2005,109.5
Новгородская область,2005,111.6
Псковская область,2005,113.0
г. Санкт-Петербург,2005,111.8
Республика Адыгея,2005,107.1
Республика Калмыкия,2005,109.5
Краснодарский край,2005,109.2
Астраханская область,2005,108.5
Волгоградская область,2005,109.9
Ростовская область,2005,107.6
Республика Дагестан,2005,108.9
Республика Ингушетия,2005,117.8
Кабардино-Балкарская Республика,2005,114.4
Карачаево-Черкесская Республика,2005,110.8
Республика Северная Осетия - Алания,2005,121.7
Ставропольский край,2005,106.1
Республика Башкортостан,2005,108.5
Республика Марий Эл,2005,118.0
Республика Мордовия,2005,111.5
Республика Татарстан,2005,116.1
Удмуртская Республика,2005,111.0
Чувашская Республика,2005,113.5
Кировская область,2005,110.9
Нижегородская область,2005,109.0
Оренбургская область,2005,115.9
Пензенская область,2005,117.1
Самарская область,2005,109.9
Саратовская область,2005,114.1
Ульяновская область,2005,107.4
Курганская область,2005,112.2
Свердловская область,2005,111.1
Тюменская область,2005,105.2
Челябинская область,2005,111.4
Республика Алтай,2005,111.2
Республика Бурятия,2005,107.7
Республика Тыва,2005,112.7
Республика Хакасия,2005,111.8
Алтайский край,2005,106.4
Красноярский край,2005,108.8
Иркутская область,2005,113.7
Кемеровская область,2005,115.1
Новосибирская область,2005,110.1
Омская область,2005,115.3
Томская область,2005,107.3
Республика Саха (Якутия),2005,106.2
Приморский край,2005,112.0
Хабаровский край,2005,111.0
Амурская область,2005,112.7
Магаданская область,2005,117.9
Сахалинская область,2005,113.8
Еврейская автономная область,2005,108.9
Чукотский автономный округ,2005,110.2
Белгородская область,2006,112.5
Брянская область,2006,112.1
Владимирская область,2006,111.1
Воронежская область,2006,114.2
Ивановская область,2006,112.6
Калужская область,2006,110.1
Костромская область,2006,112.4
Курская область,2006,114.3
Липецкая область,2006,112.6
Московская область,2006,117.9
Орловская область,2006,115.5
Рязанская область,2006,113.5
Смоленская область,2006,109.3
Тамбовская область,2006,113.6
Тверская область,2006,114.0
Тульская область,2006,112.6
Ярославская область,2006,109.8
г. Москва,2006,114.2
Республика Карелия,2006,112.1
Республика Коми,2006,110.2
Архангельская область,2006,108.9
Вологодская область,2006,109.1
Калининградская область,2006,132.7
Ленинградская область,2006,108.0
Мурманская область,2006,111.8
Новгородская область,2006,116.2
Псковская область,2006,110.1
г. Санкт-Петербург,2006,117.3
Республика Адыгея,2006,114.4
Республика Калмыкия,2006,109.9
Краснодарский край,2006,113.0
Астраханская область,2006,105.7
Волгоградская область,2006,113.7
Ростовская область,2006,115.7
Республика Дагестан,2006,113.6
Республика Ингушетия,2006,104.3
Кабардино-Балкарская Республика,2006,114.1
Карачаево-Черкесская Республика,2006,112.9
Республика Северная Осетия - Алания,2006,112.6
Ставропольский край,2006,114.7
Республика Башкортостан,2006,118.8
Республика Марий Эл,2006,118.1
Республика Мордовия,2006,115.6
Республика Татарстан,2006,116.1
Удмуртская Республика,2006,111.5
Чувашская Республика,2006,117.2
Кировская область,2006,111.0
Нижегородская область,2006,111.4
Оренбургская область,2006,114.4
Пензенская область,2006,110.2
Самарская область,2006,112.9
Саратовская область,2006,119.0
Ульяновская область,2006,113.7
Курганская область,2006,115.2
Свердловская область,2006,112.0
Тюменская область,2006,105.9
Челябинская область,2006,112.9
Республика Алтай,2006,118.9
Республика Бурятия,2006,110.9
Республика Тыва,2006,117.7
Республика Хакасия,2006,111.3
Алтайский край,2006,115.4
Красноярский край,2006,107.7
Иркутская область,2006,112.1
Кемеровская область,2006,109.9
Новосибирская область,2006,115.1
Омская область,2006,112.9
Томская область,2006,107.5
Республика Саха (Якутия),2006,106.8
Приморский край,2006,111.6
Хабаровский край,2006,102.9
Амурская область,2006,106.7
Магаданская область,2006,108.6
Сахалинская область,2006,110.3
Еврейская автономная область,2006,107.7
Чукотский автономный округ,2006,98.6
Белгородская область,2007,114.8
Брянская область,2007,113.4
Владимирская область,2007,119.0
Воронежская область,2007,118.8
Ивановская область,2007,115.1
Калужская область,2007,115.7
Костромская область,2007,113.4
Курская область,2007,115.5
Липецкая область,2007,115.9
Московская область,2007,121.8
Орловская область,2007,117.6
Рязанская область,2007,115.4
Смоленская область,2007,115.3
Тамбовская область,2007,114.6
Тверская область,2007,116.6
Тульская область,2007,116.8
Ярославская область,2007,113.2
г. Москва,2007,120.5
Республика Карелия,2007,112.9
Республика Коми,2007,110.1
Архангельская область,2007,111.4
Вологодская область,2007,110.7
Калининградская область,2007,119.9
Ленинградская область,2007,117.9
Мурманская область,2007,111.9
Новгородская область,2007,113.4
Псковская область,2007,118.8
г. Санкт-Петербург,2007,121.5
Республика Адыгея,2007,115.6
Республика Калмыкия,2007,117.2
Краснодарский край,2007,117.1
Астраханская область,2007,108.2
Волгоградская область,2007,116.3
Ростовская область,2007,118.1
Республика Дагестан,2007,115.3
Республика Ингушетия,2007,104.8
Кабардино-Балкарская Республика,2007,114.2
Карачаево-Черкесская Республика,2007,116.7
Республика Северная Осетия - Алания,2007,117.7
Ставропольский край,2007,117.6
Республика Башкортостан,2007,118.1
Республика Марий Эл,2007,122.1
Республика Мордовия,2007,117.3
Республика Татарстан,2007,120.1
Удмуртская Республика,2007,115.0
Чувашская Республика,2007,123.3
Кировская область,2007,115.9
Нижегородская область,2007,113.6
Оренбургская область,2007,115.5
Пензенская область,2007,121.8
Самарская область,2007,113.4
Саратовская область,2007,120.1
Ульяновская область,2007,114.6
Курганская область,2007,110.5
Свердловская область,2007,119.1
Тюменская область,2007,111.0
Челябинская область,2007,117.7
Республика Алтай,2007,115.0
Республика Бурятия,2007,117.2
Республика Тыва,2007,114.6
Республика Хакасия,2007,109.6
Алтайский край,2007,116.4
Красноярский край,2007,115.8
Иркутская область,2007,113.0
Кемеровская область,2007,111.9
Новосибирская область,2007,121.3
Омская область,2007,114.9
Томская область,2007,117.8
Республика Саха (Якутия),2007,109.6
Приморский край,2007,112.6
Хабаровский край,2007,114.1
Амурская область,2007,113.0
Магаданская область,2007,112.9
Сахалинская область,2007,112.7
Еврейская автономная область,2007,116.4
Чукотский автономный округ,2007,109.6
Белгородская область,2008,112.3
Брянская область,2008,106.8
Владимирская область,2008,108.5
Воронежская область,2008,113.7
Ивановская область,2008,107.9
Калужская область,2008,111.1
Костромская область,2008,110.4
Курская область,2008,108.0
Липецкая область,2008,105.0
Московская область,2008,115.8
Орловская область,2008,113.3
Рязанская область,2008,110.0
Смоленская область,2008,108.0
Тамбовская область,2008,113.4
Тверская область,2008,111.9
Тульская область,2008,108.2
Ярославская область,2008,106.1
г. Москва,2008,115.6
Республика Карелия,2008,111.3
Республика Коми,2008,106.5
Архангельская область,2008,110.4
Вологодская область,2008,108.4
Калининградская область,2008,105.1
Ленинградская область,2008,115.4
Мурманская область,2008,111.9
Новгородская область,2008,108.8
Псковская область,2008,111.1
г. Санкт-Петербург,2008,111.4
Республика Адыгея,2008,107.8
Республика Калмыкия,2008,109.0
Краснодарский край,2008,112.9
Астраханская область,2008,108.6
Волгоградская область,2008,107.2
Ростовская область,2008,111.3
Республика Дагестан,2008,113.0
Республика Ингушетия,2008,103.7
Кабардино-Балкарская Республика,2008,108.0
Карачаево-Черкесская Республика,2008,105.7
Республика Северная Осетия - Алания,2008,104.4
Ставропольский край,2008,110.5
Республика Башкортостан,2008,111.4
Республика Марий Эл,2008,108.1
Республика Мордовия,2008,113.7
Республика Татарстан,2008,115.1
Удмуртская Республика,2008,107.1
Чувашская Республика,2008,111.1
Кировская область,2008,107.5
Нижегородская область,2008,110.7
Оренбургская область,2008,109.9
Пензенская область,2008,117.5
Самарская область,2008,108.2
Саратовская область,2008,116.1
Ульяновская область,2008,111.5
Курганская область,2008,110.7
Свердловская область,2008,108.2
Тюменская область,2008,106.7
Челябинская область,2008,108.8
Республика Алтай,2008,109.4
Республика Бурятия,2008,110.8
Республика Тыва,2008,110.0
Республика Хакасия,2008,113.2
Алтайский край,2008,108.2
Красноярский край,2008,109.0
Иркутская область,2008,107.7
Кемеровская область,2008,109.5
Новосибирская область,2008,115.0
Омская область,2008,107.9
Томская область,2008,108.1
Республика Саха (Якутия),2008,111.5
Приморский край,2008,112.4
Хабаровский край,2008,105.6
Амурская область,2008,108.6
Магаданская область,2008,108.9
Сахалинская область,2008,113.8
Еврейская автономная область,2008,109.4
Чукотский автономный округ,2008,114.4
Белгородская область,2009,93.3
Брянская область,2009,95.1
Владимирская область,2009,96.6
Воронежская область,2009,97.0
Ивановская область,2009,99.4
Калужская область,2009,96.0
Костромская область,2009,96.7
Курская область,2009,94.6
Липецкая область,2009,91.7
Московская область,2009,96.5
Орловская область,2009,94.8
Рязанская область,2009,94.0
Смоленская область,2009,95.2
Тамбовская область,2009,100.1
Тверская область,2009,97.4
Тульская область,2009,97.6
Ярославская область,2009,92.6
г. Москва,2009,97.7
Республика Карелия,2009,96.8
Республика Коми,2009,101.5
Архангельская область,2009,99.6
Вологодская область,2009,92.9
Калининградская область,2009,92.8
Ленинградская область,2009,92.0
Мурманская область,2009,99.1
Новгородская область,2009,96.8
Псковская область,2009,100.3
г. Санкт-Петербург,2009,94.3
Республика Адыгея,2009,102.6
Республика Калмыкия,2009,107.4
Краснодарский край,2009,101.5
Астраханская область,2009,102.1
Волгоградская область,2009,99.4
Ростовская область,2009,98.7
Республика Дагестан,2009,105.4
Республика Ингушетия,2009,109.8
Кабардино-Балкарская Республика,2009,104.9
Карачаево-Черкесская Республика,2009,99.1
Республика Северная Осетия - Алания,2009,105.7
Ставропольский край,2009,101.4
Республика Башкортостан,2009,96.2
Республика Марий Эл,2009,97.1
Республика Мордовия,2009,92.2
Республика Татарстан,2009,92.8
Удмуртская Республика,2009,96.0
Чувашская Республика,2009,94.2
Кировская область,2009,98.2
Нижегородская область,2009,98.1
Оренбургская область,2009,101.6
Пензенская область,2009,99.9
Самарская область,2009,91.6
Саратовская область,2009,98.8
Ульяновская область,2009,97.5
Курганская область,2009,94.1
Свердловская область,2009,88.4
Тюменская область,2009,92.6
Челябинская область,2009,91.7
Республика Алтай,2009,100.4
Республика Бурятия,2009,100.0
Республика Тыва,2009,106.8
Республика Хакасия,2009,98.9
Алтайский край,2009,98.5
Красноярский край,2009,96.9
Иркутская область,2009,95.3
Кемеровская область,2009,93.9
Новосибирская область,2009,95.7
Омская область,2009,98.8
Томская область,2009,99.0
Республика Саха (Якутия),2009,99.6
Приморский край,2009,100.7
Хабаровский край,2009,95.6
Амурская область,2009,101.1
Магаданская область,2009,97.7
Сахалинская область,2009,95.9
Еврейская автономная область,2009,97.7
Чукотский автономный округ,2009,94.2
Белгородская область,2010,105.7
Брянская область,2010,103.2
Владимирская область,2010,103.6
Воронежская область,2010,105.6
Ивановская область,2010,106.0
Калужская область,2010,107.8
Костромская область,2010,100.9
Курская область,2010,104.8
Липецкая область,2010,104.7
Московская область,2010,101.8
Орловская область,2010,104.0
Рязанская область,2010,106.7
Смоленская область,2010,102.5
Тамбовская область,2010,102.9
Тверская область,2010,106.8
Тульская область,2010,101.1
Ярославская область,2010,103.6
г. Москва,2010,106.9
Республика Карелия,2010,101.6
Республика Коми,2010,104.0
Архангельская область,2010,101.6
Вологодская область,2010,105.6
Калининградская область,2010,109.3
Ленинградская область,2010,104.1
Мурманская область,2010,101.6
Новгородская область,2010,105.9
Псковская область,2010,107.5
г. Санкт-Петербург,2010,106.6
Республика Адыгея,2010,103.3
Республика Калмыкия,2010,98.4
Краснодарский край,2010,101.9
Астраханская область,2010,101.9
Волгоградская область,2010,104.5
Ростовская область,2010,102.4
Республика Дагестан,2010,101.5
Республика Ингушетия,2010,107.8
Кабардино-Балкарская Республика,2010,99.6
Карачаево-Черкесская Республика,2010,99.7
Республика Северная Осетия - Алания,2010,102.0
Ставропольский край,2010,102.7
Республика Башкортостан,2010,101.8
Республика Марий Эл,2010,103.0
Республика Мордовия,2010,101.4
Республика Татарстан,2010,107.1
Удмуртская Республика,2010,100.7
Чувашская Республика,2010,105.3
Кировская область,2010,102.7
Нижегородская область,2010,103.6
Оренбургская область,2010,105.5
Пензенская область,2010,103.3
Самарская область,2010,104.3
Саратовская область,2010,104.3
Ульяновская область,2010,105.9
Курганская область,2010,102.8
Свердловская область,2010,105.9
Тюменская область,2010,102.1
Челябинская область,2010,107.9
Республика Алтай,2010,102.2
Республика Бурятия,2010,104.6
Республика Тыва,2010,101.8
Республика Хакасия,2010,105.4
Алтайский край,2010,104.2
Красноярский край,2010,107.7
Иркутская область,2010,104.9
Кемеровская область,2010,106.1
Новосибирская область,2010,103.8
Омская область,2010,107.2
Томская область,2010,104.2
Республика Саха (Якутия),2010,102.1
Приморский край,2010,109.3
Хабаровский край,2010,103.1
Амурская область,2010,103.8
Магаданская область,2010,104.9
Сахалинская область,2010,100.0
Еврейская автономная область,2010,107.9
Чукотский автономный округ,2010,104.7
Белгородская область,2011,102.4
Брянская область,2011,103.4
Владимирская область,2011,103.2
Воронежская область,2011,103.6
Ивановская область,2011,99.3
Калужская область,2011,104.1
Костромская область,2011,100.8
Курская область,2011,107.1
Липецкая область,2011,102.7
Московская область,2011,104.4
Орловская область,2011,101.3
Рязанская область,2011,99.9
Смоленская область,2011,101.8
Тамбовская область,2011,105.3
Тверская область,2011,101.6
Тульская область,2011,101.3
Ярославская область,2011,102.8
г. Москва,2011,107.9
Республика Карелия,2011,101.9
Республика Коми,2011,101.7
Архангельская область,2011,103.0
Вологодская область,2011,99.8
Калининградская область,2011,100.1
Ленинградская область,2011,102.7
Мурманская область,2011,102.3
Новгородская область,2011,103.4
Псковская область,2011,100.1
г. Санкт-Петербург,2011,100.2
Республика Адыгея,2011,102.6
Республика Калмыкия,2011,97.5
Краснодарский край,2011,103.4
Астраханская область,2011,102.6
Волгоградская область,2011,100.3
Ростовская область,2011,102.5
Республика Дагестан,2011,98.4
Республика Ингушетия,2011,106.9
Кабардино-Балкарская Республика,2011,101.1
Карачаево-Черкесская Республика,2011,99.8
Республика Северная Осетия - Алания,2011,103.7
Ставропольский край,2011,103.5
Республика Башкортостан,2011,103.0
Республика Марий Эл,2011,100.8
Республика Мордовия,2011,103.3
Республика Татарстан,2011,106.7
Удмуртская Республика,2011,101.2
Чувашская Республика,2011,105.2
Кировская область,2011,99.7
Нижегородская область,2011,103.5
Оренбургская область,2011,103.0
Пензенская область,2011,104.2
Самарская область,2011,104.4
Саратовская область,2011,102.9
Ульяновская область,2011,102.4
Курганская область,2011,102.1
Свердловская область,2011,102.8
Тюменская область,2011,103.3
Челябинская область,2011,104.1
Республика Алтай,2011,101.4
Республика Бурятия,2011,101.3
Республика Тыва,2011,100.0
Республика Хакасия,2011,103.4
Алтайский край,2011,106.3
Красноярский край,2011,102.6
Иркутская область,2011,101.3
Кемеровская область,2011,105.1
Новосибирская область,2011,103.7
Омская область,2011,106.2
Томская область,2011,103.5
Республика Саха (Якутия),2011,110.7
Приморский край,2011,104.2
Хабаровский край,2011,106.4
Амурская область,2011,104.6
Магаданская область,2011,104.0
Сахалинская область,2011,100.4
Еврейская автономная область,2011,105.5
Чукотский автономный округ,2011,110.8
Белгородская область,2012,109.1
Брянская область,2012,113.0
Владимирская область,2012,107.1
Воронежская область,2012,117.1
Ивановская область,2012,111.9
Калужская область,2012,111.6
Костромская область,2012,108.0
Курская область,2012,108.9
Липецкая область,2012,109.1
Московская область,2012,108.3
Орловская область,2012,110.9
Рязанская область,2012,108.7
Смоленская область,2012,105.8
Тамбовская область,2012,112.5
Тверская область,2012,108.4
Тульская область,2012,110.6
Ярославская область,2012,107.0
г. Москва,2012,106.4
Республика Карелия,2012,106.9
Республика Коми,2012,112.5
Архангельская область,2012,110.9
Вологодская область,2012,106.9
Калининградская область,2012,103.2
Ленинградская область,2012,107.4
Мурманская область,2012,107.4
Новгородская область,2012,109.1
Псковская область,2012,110.2
г. Санкт-Петербург,2012,106.3
Республика Адыгея,2012,111.2
Республика Калмыкия,2012,112.8
Краснодарский край,2012,110.5
Астраханская область,2012,109.5
Волгоградская область,2012,109.7
Ростовская область,2012,107.4
Республика Дагестан,2012,115.0
Республика Ингушетия,2012,122.4
Кабардино-Балкарская Республика,2012,117.8
Карачаево-Черкесская Республика,2012,119.8
Республика Северная Осетия - Алания,2012,113.1
Ставропольский край,2012,114.0
Республика Башкортостан,2012,105.2
Республика Марий Эл,2012,109.2
Республика Мордовия,2012,109.0
Республика Татарстан,2012,111.1
Удмуртская Республика,2012,108.9
Чувашская Республика,2012,110.8
Кировская область,2012,110.2
Нижегородская область,2012,107.4
Оренбургская область,2012,108.2
Пензенская область,2012,112.0
Самарская область,2012,107.5
Саратовская область,2012,111.3
Ульяновская область,2012,108.4
Курганская область,2012,109.5
Свердловская область,2012,107.6
Тюменская область,2012,107.7
Челябинская область,2012,106.7
Республика Алтай,2012,110.8
Республика Бурятия,2012,110.0
Республика Тыва,2012,109.9
Республика Хакасия,2012,107.6
Алтайский край,2012,110.5
Красноярский край,2012,106.1
Иркутская область,2012,108.4
Кемеровская область,2012,108.1
Новосибирская область,2012,109.4
Омская область,2012,109.7
Томская область,2012,105.3
Республика Саха (Якутия),2012,111.9
Приморский край,2012,106.4
Хабаровский край,2012,113.1
Амурская область,2012,104.7
Магаданская область,2012,110.4
Сахалинская область,2012,108.9
Еврейская автономная область,2012,102.8
Чукотский автономный округ,2012,108.1
Белгородская область,2013,103.6
Брянская область,2013,106.6
Владимирская область,2013,106.3
Воронежская область,2013,104.2
Ивановская область,2013,104.0
Калужская область,2013,100.9
Костромская область,2013,105.5
Курская область,2013,107.6
Липецкая область,2013,102.3
Московская область,2013,103.4
Орловская область,2013,106.6
Рязанская область,2013,106.0
Смоленская область,2013,107.0
Тамбовская область,2013,105.0
Тверская область,2013,103.5
Тульская область,2013,106.9
Ярославская область,2013,104.7
г. Москва,2013,106.5
Республика Карелия,2013,103.9
Республика Коми,2013,103.8
Архангельская область,2013,107.0
Вологодская область,2013,104.4
Калининградская область,2013,109.0
Ленинградская область,2013,105.1
Мурманская область,2013,104.6
Новгородская область,2013,103.2
Псковская область,2013,100.6
г. Санкт-Петербург,2013,104.8
Республика Адыгея,2013,107.8
Республика Калмыкия,2013,107.1
Краснодарский край,2013,105.1
Астраханская область,2013,109.6
Волгоградская область,2013,106.6
Ростовская область,2013,106.5
Республика Дагестан,2013,116.4
Республика Ингушетия,2013,106.2
Кабардино-Балкарская Республика,2013,105.5
Карачаево-Черкесская Республика,2013,107.4
Республика Северная Осетия - Алания,2013,110.3
Ставропольский край,2013,105.2
Республика Башкортостан,2013,103.4
Республика Марий Эл,2013,107.7
Республика Мордовия,2013,112.3
Республика Татарстан,2013,104.9
Удмуртская Республика,2013,107.6
Чувашская Республика,2013,105.6
Кировская область,2013,105.9
Нижегородская область,2013,105.2
Оренбургская область,2013,105.3
Пензенская область,2013,101.5
Самарская область,2013,106.3
Саратовская область,2013,103.3
Ульяновская область,2013,105.1
Курганская область,2013,105.9
Свердловская область,2013,102.1
Тюменская область,2013,101.8
Челябинская область,2013,107.9
Республика Алтай,2013,106.4
Республика Бурятия,2013,104.9
Республика Тыва,2013,105.2
Республика Хакасия,2013,104.9
Алтайский край,2013,104.9
Красноярский край,2013,104.0
Иркутская область,2013,105.3
Кемеровская область,2013,100.5
Новосибирская область,2013,103.8
Омская область,2013,105.7
Томская область,2013,103.8
Республика Саха (Якутия),2013,110.0
Приморский край,2013,102.8
Хабаровский край,2013,103.3
Амурская область,2013,105.8
Магаданская область,2013,105.1
Сахалинская область,2013,103.9
Еврейская автономная область,2013,101.2
Чукотский автономный округ,2013,106.5
Белгородская область,2014,100.08694558617701
Брянская область,2014,100.88676917906163
Владимирская область,2014,98.38940924739056
Воронежская область,2014,100.98275265410534
Ивановская область,2014,99.60675743619443
Калужская область,2014,100.3854987233703
Костромская область,2014,101.04475052013811
Курская область,2014,100.52031392869594
Липецкая область,2014,100.1237031750346
Московская область,2014,99.3
Орловская область,2014,99.77353152052717
Рязанская область,2014,101.42172074221769
Смоленская область,2014,99.80741009115857
Тамбовская область,2014,99.9
Тверская область,2014,97.46708505173217
Тульская область,2014,103.63908458884849
Ярославская область,2014,101.27146616436062
г. Москва,2014,102.20930178287418
Республика Карелия,2014,99.38760942649058
Республика Коми,2014,98.9
Архангельская область,2014,100.94924127870439
Вологодская область,2014,98.25122985294695
Калининградская область,2014,97.37961220169649
Ленинградская область,2014,100.4646012310448
Мурманская область,2014,100.3
Новгородская область,2014,99.7
Псковская область,2014,98.16116801957003
г. Санкт-Петербург,2014,101.9
Республика Адыгея,2014,100.79632222637589
Республика Калмыкия,2014,103.96642696638298
Краснодарский край,2014,98.1
Астраханская область,2014,100.68264933806401
Волгоградская область,2014,101.0689220626674
Ростовская область,2014,100.6
Республика Дагестан,2014,102.457781638669
Республика Ингушетия,2014,99.17035000690055
Кабардино-Балкарская Республика,2014,102.21303620929625
Карачаево-Черкесская Республика,2014,103.10732238899531
Республика Северная Осетия - Алания,2014,101.9
Ставропольский край,2014,102.4
Республика Башкортостан,2014,103.95478567554306
Республика Марий Эл,2014,103.12467825483205
Республика Мордовия,2014,104.2
Республика Татарстан,2014,101.3
Удмуртская Республика,2014,104.2231620418256
Чувашская Республика,2014,99.95481662676814
Кировская область,2014,100.9
Нижегородская область,2014,99.8
Оренбургская область,2014,101.30301122283612
Пензенская область,2014,100.9
Самарская область,2014,102.36260517338486
Саратовская область,2014,99.10003374947723
Ульяновская область,2014,102.6
Курганская область,2014,101.11551252373796
Свердловская область,2014,99.01205760860728
Тюменская область,2014,100.29096913279045
Челябинская область,2014,100.7
Республика Алтай,2014,101.4636957526627
Республика Бурятия,2014,98.58667389652194
Республика Тыва,2014,103.84168048312432
Республика Хакасия,2014,104.21593199994462
Алтайский край,2014,99.92865394058961
Красноярский край,2014,101.9522331325947
Иркутская область,2014,101.31856394613354
Кемеровская область,2014,98.07805283313871
Новосибирская область,2014,99.81695944938774
Омская область,2014,98.1034456940056
Томская область,2014,99.9
Республика Саха (Якутия),2014,102.3
Приморский край,2014,100.83479870932206
Хабаровский край,2014,100.6
Амурская область,2014,98.48988260195695
Магаданская область,2014,103.09609523804689
Сахалинская область,2014,104.8
Еврейская автономная область,2014,99.58958832616118
Чукотский автономный округ,2014,106.7
Белгородская область,2015,93.22115732697593
Брянская область,2015,88.96653921225351
Владимирская область,2015,91.02875102641195
Воронежская область,2015,89.09724106029937
Ивановская область,2015,87.9
Калужская область,2015,90.31731480856047
Костромская область,2015,90.1
Курская область,2015,89.8
Липецкая область,2015,92.07195947984098
Московская область,2015,91.13456736115508
Орловская область,2015,89.29126003058452
Рязанская область,2015,90.03780428810498
Смоленская область,2015,90.8
Тамбовская область,2015,90.86989608642658
Тверская область,2015,89.33430840674079
Тульская область,2015,91.2602395730908
Ярославская область,2015,89.80206706445443
г. Москва,2015,90.08727612092507
Республика Карелия,2015,91.42128472392305
Республика Коми,2015,89.2
Архангельская область,2015,92.66505375189722
Вологодская область,2015,89.02527677852964
Калининградская область,2015,90.79616018360345
Ленинградская область,2015,92.2
Мурманская область,2015,92.0069543856615
Новгородская область,2015,90.80537953396785
Псковская область,2015,87.78617673299983
г. Санкт-Петербург,2015,92.4764822858451
Республика Адыгея,2015,91.78461337445479
Республика Калмыкия,2015,90.15490923714759
Краснодарский край,2015,89.93617250350394
Астраханская область,2015,89.85478503023842
Волгоградская область,2015,91.80660092984361
Ростовская область,2015,91.26902416174704
Республика Дагестан,2015,90.1
Республика Ингушетия,2015,85.12823731206396
Кабардино-Балкарская Республика,2015,88.26844679527731
Карачаево-Черкесская Республика,2015,89.0
Республика Северная Осетия - Алания,2015,90.90719032368109
Ставропольский край,2015,88.9
Республика Башкортостан,2015,90.9
Республика Марий Эл,2015,92.7467167088397
Республика Мордовия,2015,94.80843652083692
Республика Татарстан,2015,91.3348552669361
Удмуртская Республика,2015,92.09164126148121
Чувашская Республика,2015,89.61824631688778
Кировская область,2015,92.1
Нижегородская область,2015,89.95902435691534
Оренбургская область,2015,92.0
Пензенская область,2015,90.7
Самарская область,2015,89.91119660931311
Саратовская область,2015,89.4
Ульяновская область,2015,91.8322777732316
Курганская область,2015,89.12683257322064
Свердловская область,2015,89.9
Тюменская область,2015,91.37673667031505
Челябинская область,2015,93.81391419458528
Республика Алтай,2015,88.39998770425449
Республика Бурятия,2015,89.44333609612815
Республика Тыва,2015,90.50658783474063
Республика Хакасия,2015,91.2828621928856
Алтайский край,2015,89.95350087240817
Красноярский край,2015,93.60305795731546
Иркутская область,2015,91.29973255048488
Кемеровская область,2015,92.00868545322793
Новосибирская область,2015,90.36151347343232
Омская область,2015,91.18053140220076
Томская область,2015,92.73771392929415
Республика Саха (Якутия),2015,95.59772961704866
Приморский край,2015,90.24440509447464
Хабаровский край,2015,88.800976540193
Амурская область,2015,88.00643649562994
Магаданская область,2015,92.82819661405685
Сахалинская область,2015,99.80918942036365
Еврейская автономная область,2015,91.49737139146038
Чукотский автономный округ,2015,96.2920142001314
Белгородская область,2016,100.78759192072697
Брянская область,2016,98.54452195761361
Владимирская область,2016,99.15194176188429
Воронежская область,2016,99.1456172961892
Ивановская область,2016,97.6
Калужская область,2016,98.2734521830966
Костромская область,2016,98.48040481550801
Курская область,2016,98.35043021818424
Липецкая область,2016,100.37711360164458
Московская область,2016,96.3
Орловская область,2016,98.61740370099227
Рязанская область,2016,100.70017212514509
Смоленская область,2016,100.3862756816362
Тамбовская область,2016,97.93275717751578
Тверская область,2016,98.8488614324585
Тульская область,2016,99.70386783015326
Ярославская область,2016,98.69156251016452
г. Москва,2016,102.9506245419298
Республика Карелия,2016,101.07558701924044
Республика Коми,2016,99.16622855115607
Архангельская область,2016,99.38586747028266
Вологодская область,2016,99.81339735725375
Калининградская область,2016,97.080938033891
Ленинградская область,2016,99.32508311759085
Мурманская область,2016,99.24084317541572
Новгородская область,2016,99.0
Псковская область,2016,97.0787792269399
г. Санкт-Петербург,2016,103.02773318090578
Республика Адыгея,2016,97.69976892632735
Республика Калмыкия,2016,99.5
Краснодарский край,2016,100.3
Астраханская область,2016,101.4
Волгоградская область,2016,101.9
Ростовская область,2016,100.10729076558901
Республика Дагестан,2016,100.98608439826494
Республика Ингушетия,2016,99.28086797447989
Кабардино-Балкарская Республика,2016,96.2
Карачаево-Черкесская Республика,2016,97.7
Республика Северная Осетия - Алания,2016,100.2
Ставропольский край,2016,99.10640030495884
Республика Башкортостан,2016,102.29251151408978
Республика Марий Эл,2016,99.39158411569389
Республика Мордовия,2016,100.1
Республика Татарстан,2016,98.27149312107744
Удмуртская Республика,2016,103.69785695467361
Чувашская Республика,2016,101.4749556410973
Кировская область,2016,99.73703955097241
Нижегородская область,2016,101.2
Оренбургская область,2016,101.97838455133837
Пензенская область,2016,103.39625933988452
Самарская область,2016,98.79594574500065
Саратовская область,2016,99.11550804067734
Ульяновская область,2016,100.43672481280721
Курганская область,2016,98.67257323809643
Свердловская область,2016,98.02856715398504
Тюменская область,2016,98.41151009738778
Челябинская область,2016,97.76398162461425
Республика Алтай,2016,103.62319999833827
Республика Бурятия,2016,99.51888929313857
Республика Тыва,2016,99.3
Республика Хакасия,2016,102.72246205427551
Алтайский край,2016,98.4
Красноярский край,2016,100.7662414445733
Иркутская область,2016,99.82589684517386
Кемеровская область,2016,99.70246950007042
Новосибирская область,2016,101.21071079653188
Омская область,2016,97.6215240228913
Томская область,2016,98.9
Республика Саха (Якутия),2016,100.22072633069344
Приморский край,2016,99.14811672213715
Хабаровский край,2016,97.8
Амурская область,2016,96.01540694964748
Магаданская область,2016,98.89235406820373
Сахалинская область,2016,100.0
Еврейская автономная область,2016,96.81704425922459
Чукотский автономный округ,2016,99.9
Белгородская область,2017,104.4790652385589
Брянская область,2017,103.17460317460319
Владимирская область,2017,103.5514379463424
Воронежская область,2017,102.81458554985976
Ивановская область,2017,102.13914048949701
Калужская область,2017,103.3759298111768
Костромская область,2017,103.14854162642455
Курская область,2017,103.84726641596762
Липецкая область,2017,105.06439430618767
Московская область,2017,105.69888332691568
Орловская область,2017,103.50149512877398
Рязанская область,2017,101.19674485399712
Смоленская область,2017,101.13987635239567
Тамбовская область,2017,102.90135396518376
Тверская область,2017,102.36985236985238
Тульская область,2017,104.06189555125724
Ярославская область,2017,104.04791807554825
г. Москва,2017,98.70179457808324
Республика Карелия,2017,100.77369439071566
Республика Коми,2017,101.0725673978162
Архангельская область,2017,101.97559558396281
Вологодская область,2017,104.86454995630645
Калининградская область,2017,100.41598142594563
Ленинградская область,2017,104.22480993167164
Мурманская область,2017,101.66890466142335
Новгородская область,2017,101.40028971511347
Псковская область,2017,101.72430401695405
г. Санкт-Петербург,2017,105.7424983223085
Республика Адыгея,2017,101.74697638702246
Республика Калмыкия,2017,103.1669865642994
Краснодарский край,2017,101.509180044218
Астраханская область,2017,104.45155659004945
Волгоградская область,2017,101.6115024606774
Ростовская область,2017,103.40821068938806
Республика Дагестан,2017,103.26086956521738
Республика Ингушетия,2017,98.54903106436849
Кабардино-Балкарская Республика,2017,101.19560019129604
Карачаево-Черкесская Республика,2017,101.49686141960406
Республика Северная Осетия - Алания,2017,104.89645829301335
Ставропольский край,2017,103.82251248559353
Республика Башкортостан,2017,104.97667185069986
Республика Марий Эл,2017,105.344395137951
Республика Мордовия,2017,102.33603753298799
Республика Татарстан,2017,103.98832684824903
Удмуртская Республика,2017,105.4573703631773
Чувашская Республика,2017,104.52859652547335
Кировская область,2017,104.77672925381847
Нижегородская область,2017,102.62804527143679
Оренбургская область,2017,101.54204247890604
Пензенская область,2017,101.09289617486338
Самарская область,2017,104.55868089233753
Саратовская область,2017,102.43664717348928
Ульяновская область,2017,103.89985556090515
Курганская область,2017,105.10076173946584
Свердловская область,2017,103.71442354076217
Тюменская область,2017,101.76312763510924
Челябинская область,2017,101.1846960574869
Республика Алтай,2017,102.49145090376162
Республика Бурятия,2017,104.65907985604512
Республика Тыва,2017,101.63902628261081
Республика Хакасия,2017,101.5746500777605
Алтайский край,2017,103.5514379463424
Красноярский край,2017,103.85699018750607
Иркутская область,2017,103.4715525554484
Кемеровская область,2017,105.7973843451103
Новосибирская область,2017,104.06140691799455
Омская область,2017,102.86382232612507
Томская область,2017,100.36637099884302
Республика Саха (Якутия),2017,100.30452988199468
Приморский край,2017,103.444929645803
Хабаровский край,2017,102.30895565645832
Амурская область,2017,107.39299610894943
Магаданская область,2017,104.74995172813284
Сахалинская область,2017,101.8652749589253
Еврейская автономная область,2017,102.57885150033555
Чукотский автономный округ,2017,102.84718187100523
Белгородская область,2018,106.78872571973321
Брянская область,2018,107.0
Владимирская область,2018,109.88690968847715
Воронежская область,2018,108.7
Ивановская область,2018,106.00965687612627
Калужская область,2018,107.7654694127748
Костромская область,2018,109.5680351943089
Курская область,2018,106.0
Липецкая область,2018,107.8
Московская область,2018,106.5262281057046
Орловская область,2018,108.2
Рязанская область,2018,106.5
Смоленская область,2018,108.74190424485171
Тамбовская область,2018,106.7
Тверская область,2018,109.8
Тульская область,2018,106.0
Ярославская область,2018,106.0
г. Москва,2018,109.6
Республика Карелия,2018,111.1
Республика Коми,2018,107.0
Архангельская область,2018,110.60421695301595
Вологодская область,2018,109.06405345839426
Калининградская область,2018,106.3
Ленинградская область,2018,107.9
Мурманская область,2018,108.40055083973819
Новгородская область,2018,103.99978261791037
Псковская область,2018,110.22397978676224
г. Санкт-Петербург,2018,109.1
Республика Адыгея,2018,110.2
Республика Калмыкия,2018,110.5522565594812
Краснодарский край,2018,108.8
Астраханская область,2018,110.70635839411635
Волгоградская область,2018,107.4
Ростовская область,2018,108.01234177428398
Республика Дагестан,2018,113.36939122648764
Республика Ингушетия,2018,108.09010021235292
Кабардино-Балкарская Республика,2018,110.8
Карачаево-Черкесская Республика,2018,109.99927551873148
Республика Северная Осетия - Алания,2018,106.67656162542582
Ставропольский край,2018,105.71220702536048
Республика Башкортостан,2018,108.67394426940824
Республика Марий Эл,2018,107.446750462533
Республика Мордовия,2018,107.77681472625214
Республика Татарстан,2018,106.16624146446037
Удмуртская Республика,2018,107.37355825499017
Чувашская Республика,2018,107.71790519435918
Кировская область,2018,107.86388587812425
Нижегородская область,2018,104.60243122615869
Оренбургская область,2018,108.08022144563012
Пензенская область,2018,107.72205647360123
Самарская область,2018,107.65206073481903
Саратовская область,2018,106.00176508687184
Ульяновская область,2018,104.98278885433399
Курганская область,2018,107.54618103345013
Свердловская область,2018,106.86442373312883
Тюменская область,2018,105.33537012990155
Челябинская область,2018,106.35600001853824
Республика Алтай,2018,114.89695426771263
Республика Бурятия,2018,110.992506054577
Республика Тыва,2018,107.8841606754098
Республика Хакасия,2018,109.30005220541238
Алтайский край,2018,108.2
Красноярский край,2018,113.0
Иркутская область,2018,108.8417786315541
Кемеровская область,2018,107.37713641065967
Новосибирская область,2018,108.45172186019755
Омская область,2018,109.25258947477718
Томская область,2018,108.42669637558751
Республика Саха (Якутия),2018,113.69158361366254
Приморский край,2018,107.89836927335905
Хабаровский край,2018,107.4921764295196
Амурская область,2018,110.14444994427453
Магаданская область,2018,110.0240235799942
Сахалинская область,2018,111.00101802151865
Еврейская автономная область,2018,110.42448366882385
Чукотский автономный округ,2018,103.96371697824954
Белгородская область,2019,103.9836053573979
Брянская область,2019,103.99567345447853
Владимирская область,2019,103.53516794006062
Воронежская область,2019,103.40823890578521
Ивановская область,2019,102.05008369806896
Калужская область,2019,103.92198967545221
Костромская область,2019,108.09209317953928
Курская область,2019,103.8
Липецкая область,2019,103.31944053183759
Московская область,2019,102.16397316497654
Орловская область,2019,103.2310975672028
Рязанская область,2019,102.68588780748861
Смоленская область,2019,101.8
Тамбовская область,2019,101.93102252835938
Тверская область,2019,103.88881423730373
Тульская область,2019,105.71117100796283
Ярославская область,2019,101.59061378447925
г. Москва,2019,107.6
Республика Карелия,2019,104.53397455997455
Республика Коми,2019,100.385462755573
Архангельская область,2019,103.8008875491186
Вологодская область,2019,106.02915580814975
Калининградская область,2019,101.70145192634344
Ленинградская область,2019,102.20675233200902
Мурманская область,2019,104.76104961708776
Новгородская область,2019,97.99852253676654
Псковская область,2019,104.9
г. Санкт-Петербург,2019,104.71929879199291
Республика Адыгея,2019,105.6966067679027
Республика Калмыкия,2019,104.89900023944365
Краснодарский край,2019,102.16110797312217
Астраханская область,2019,103.03829521895598
Волгоградская область,2019,103.61325554786411
Ростовская область,2019,102.71953554122828
Республика Дагестан,2019,102.01674534503913
Республика Ингушетия,2019,104.8846457507496
Кабардино-Балкарская Республика,2019,101.55233516844646
Карачаево-Черкесская Республика,2019,101.39475893590256
Республика Северная Осетия - Алания,2019,102.86532144112942
Ставропольский край,2019,104.74450565410814
Республика Башкортостан,2019,103.32277774859135
Республика Марий Эл,2019,101.9195266600273
Республика Мордовия,2019,104.21493832108962
Республика Татарстан,2019,102.15672114956331
Удмуртская Республика,2019,103.48400212779822
Чувашская Республика,2019,105.1
Кировская область,2019,104.09748144417105
Нижегородская область,2019,102.4
Оренбургская область,2019,103.88967409658252
Пензенская область,2019,101.94364060728785
Самарская область,2019,103.28463176968967
Саратовская область,2019,109.67747049327103
Ульяновская область,2019,103.34000695156355
Курганская область,2019,104.07714992774947
Свердловская область,2019,103.11711696950125
Тюменская область,2019,103.00154858331602
Челябинская область,2019,102.40660666034842
Республика Алтай,2019,105.4
Республика Бурятия,2019,106.78307008223426
Республика Тыва,2019,101.57519204545102
Республика Хакасия,2019,104.87291807358858
Алтайский край,2019,104.20546417022827
Красноярский край,2019,104.2
Иркутская область,2019,104.95438506927923
Кемеровская область,2019,103.43079939060691
Новосибирская область,2019,103.35936594729478
Омская область,2019,104.41776533160456
Томская область,2019,102.58130879607101
Республика Саха (Якутия),2019,102.91188641396201
Приморский край,2019,106.7
Хабаровский край,2019,101.59252721294321
Амурская область,2019,106.04681101347886
Магаданская область,2019,105.90169802300575
Сахалинская область,2019,108.82721415866952
Еврейская автономная область,2019,102.6
Чукотский автономный округ,2019,102.9242066370261
Белгородская область,2020,104.80433940333205
Брянская область,2020,102.94400615739849
Владимирская область,2020,102.9980657640232
Воронежская область,2020,103.1875179477362
Ивановская область,2020,101.63618864292587
Калужская область,2020,102.41080038572805
Костромская область,2020,98.5766493556453
Курская область,2020,105.31884197364624
Липецкая область,2020,103.3053869133661
Московская область,2020,101.79232417689461
Орловская область,2020,103.68151512223403
Рязанская область,2020,101.77161563643367
Смоленская область,2020,102.51450676982591
Тамбовская область,2020,104.07849172758755
Тверская область,2020,103.94126738794436
Тульская область,2020,103.34522317555191
Ярославская область,2020,100.89362928797925
г. Москва,2020,103.06974936856422
Республика Карелия,2020,104.10853459058981
Республика Коми,2020,102.10897986449088
Архангельская область,2020,102.77670651754724
Вологодская область,2020,105.38483768423082
Калининградская область,2020,99.18950212273253
Ленинградская область,2020,101.13669484115417
Мурманская область,2020,105.07456904900252
Новгородская область,2020,102.44043599884247
Псковская область,2020,103.86332750922152
г. Санкт-Петербург,2020,100.95920937893617
Республика Адыгея,2020,102.89855072463767
Республика Калмыкия,2020,107.55478662053058
Краснодарский край,2020,103.18767561282823
Астраханская область,2020,104.45155659004945
Волгоградская область,2020,104.15458937198068
Ростовская область,2020,102.1297192642788
Республика Дагестан,2020,111.6
Республика Ингушетия,2020,104.31932124951793
Кабардино-Балкарская Республика,2020,104.95373939861219
Карачаево-Черкесская Республика,2020,107.01178288584121
Республика Северная Осетия - Алания,2020,103.02264554378462
Ставропольский край,2020,102.49494268374917
Республика Башкортостан,2020,102.54924681344148
Республика Марий Эл,2020,103.75896144158108
Республика Мордовия,2020,105.0632911392405
Республика Татарстан,2020,103.10378273520855
Удмуртская Республика,2020,103.38818973862536
Чувашская Республика,2020,104.26586337576522
Кировская область,2020,104.12857280338754
Нижегородская область,2020,102.82083373447577
Оренбургская область,2020,103.79377431906616
Пензенская область,2020,102.89855072463767
Самарская область,2020,102.55421686746988
Саратовская область,2020,104.66788076296368
Ульяновская область,2020,102.16867469879519
Курганская область,2020,104.26494656782516
Свердловская область,2020,102.09627329192546
Тюменская область,2020,105.29904539255797
Челябинская область,2020,101.65393171486603
Республика Алтай,2020,105.52910309979593
Республика Бурятия,2020,107.0156866519103
Республика Тыва,2020,103.96611474778592
Республика Хакасия,2020,103.82460884682247
Алтайский край,2020,105.50769528603232
Красноярский край,2020,100.63866847300173
Иркутская область,2020,102.88424312814557
Кемеровская область,2020,103.73242850218128
Новосибирская область,2020,103.23203087313073
Омская область,2020,102.85769267776388
Томская область,2020,102.18908326163847
Республика Саха (Якутия),2020,102.91020486310549
Приморский край,2020,103.08582449373192
Хабаровский край,2020,101.88751926040061
Амурская область,2020,105.23321956769055
Магаданская область,2020,105.03875968992249
Сахалинская область,2020,101.65257494235203
Еврейская автономная область,2020,103.72062042059187
Чукотский автономный округ,2020,110.5330322960636
Белгородская область,2021,104.4
Брянская область,2021,104.1
Владимирская область,2021,104.7
Воронежская область,2021,103.8
Ивановская область,2021,103.2
Калужская область,2021,103.2
Костромская область,2021,104.0
Курская область,2021,104.4
Липецкая область,2021,101.2
Московская область,2021,102.6
Орловская область,2021,104.5
Рязанская область,2021,103.6
Смоленская область,2021,103.2
Тамбовская область,2021,102.7
Тверская область,2021,104.2
Тульская область,2021,101.9
Ярославская область,2021,102.0
г. Москва,2021,106.8
Республика Карелия,2021,99.1
Республика Коми,2021,100.2
Архангельская область,2021,101.8
Вологодская область,2021,99.4
Калининградская область,2021,105.6
Ленинградская область,2021,102.9
Мурманская область,2021,104.8
Новгородская область,2021,107.9
Псковская область,2021,105.7
г. Санкт-Петербург,2021,104.2
Республика Адыгея,2021,104.2
Республика Калмыкия,2021,94.6
Краснодарский край,2021,105.2
Астраханская область,2021,101.5
Волгоградская область,2021,101.9
Ростовская область,2021,103.2
Республика Дагестан,2021,92.3
Республика Ингушетия,2021,98.2
Кабардино-Балкарская Республика,2021,98.8
Карачаево-Черкесская Республика,2021,103.8
Республика Северная Осетия - Алания,2021,101.1
Ставропольский край,2021,103.0
Республика Башкортостан,2021,103.7
Республика Марий Эл,2021,103.4
Республика Мордовия,2021,104.5
Республика Татарстан,2021,107.7
Удмуртская Республика,2021,102.5
Чувашская Республика,2021,105.3
Кировская область,2021,103.3
Нижегородская область,2021,102.8
Оренбургская область,2021,102.3
Пензенская область,2021,102.1
Самарская область,2021,102.9
Саратовская область,2021,104.3
Ульяновская область,2021,103.5
Курганская область,2021,101.5
Свердловская область,2021,105.3
Тюменская область,2021,101.4
Челябинская область,2021,105.3
Республика Алтай,2021,103.8
Республика Бурятия,2021,98.1
Республика Тыва,2021,100.7
Республика Хакасия,2021,104.4
Алтайский край,2021,104.1
Красноярский край,2021,103.9
Иркутская область,2021,104.5
Кемеровская область,2021,101.2
Новосибирская область,2021,99.0
Омская область,2021,103.9
Томская область,2021,101.7
Республика Саха (Якутия),2021,103.4
Приморский край,2021,104.7
Хабаровский край,2021,105.0
Амурская область,2021,106.2
Магаданская область,2021,102.9
Сахалинская область,2021,96.9
Еврейская автономная область,2021,101.4
Чукотский автономный округ,2021,104.6
Белгородская область,2022,99.44680796615518
Брянская область,2022,99.70214849123748
Владимирская область,2022,100.04613386137397
Воронежская область,2022,99.28260695172607
Ивановская область,2022,96.78760675841333
Калужская область,2022,94.4447446166452
Костромская область,2022,97.31468086096923
Курская область,2022,98.9136199631802
Липецкая область,2022,101.3907206195534
Московская область,2022,95.43193807838192
Орловская область,2022,99.48362065276419
Рязанская область,2022,98.76174844082941
Смоленская область,2022,100.84145917391251
Тамбовская область,2022,99.54915376071794
Тверская область,2022,98.94475467069992
Тульская область,2022,102.53014581793813
Ярославская область,2022,100.09080114531434
г. Москва,2022,98.66513670895019
Республика Карелия,2022,99.34293879150825
Республика Коми,2022,99.9479911080193
Архангельская область,2022,96.87542857905633
Вологодская область,2022,102.55494018754644
Калининградская область,2022,99.72702825659103
Ленинградская область,2022,101.40115578599224
Мурманская область,2022,99.37390440849248
Новгородская область,2022,102.87069608192422
Псковская область,2022,97.01375529994817
г. Санкт-Петербург,2022,100.105780634787
Республика Адыгея,2022,97.24051789913864
Республика Калмыкия,2022,96.49934977576234
Краснодарский край,2022,102.00015632140203
Астраханская область,2022,99.69700225313723
Волгоградская область,2022,100.50662490898232
Ростовская область,2022,100.25465782695717
Республика Дагестан,2022,95.81762247525766
Республика Ингушетия,2022,88.16323957396739
Кабардино-Балкарская Республика,2022,98.6036237918907
Карачаево-Черкесская Республика,2022,94.89757956249932
Республика Северная Осетия - Алания,2022,97.1645292042029
Ставропольский край,2022,97.9453754250598
Республика Башкортостан,2022,100.7860879579756
Республика Марий Эл,2022,100.37192009874987
Республика Мордовия,2022,101.76669389227386
Республика Татарстан,2022,100.07471483033446
Удмуртская Республика,2022,100.13075501534124
Чувашская Республика,2022,101.18001142637469
Кировская область,2022,98.54206224247405
Нижегородская область,2022,103.08958171495313
Оренбургская область,2022,99.00985877178972
Пензенская область,2022,100.20332331490384
Самарская область,2022,100.0879533769871
Саратовская область,2022,101.0283380362496
Ульяновская область,2022,100.11293875165418
Курганская область,2022,101.07366398163693
Свердловская область,2022,100.33989690590394
Тюменская область,2022,103.75942853938416
Челябинская область,2022,102.74055200120786
Республика Алтай,2022,95.42287364830428
Республика Бурятия,2022,100.68492827736503
Республика Тыва,2022,98.11026604733772
Республика Хакасия,2022,100.70351213777187
Алтайский край,2022,103.62420952781535
Красноярский край,2022,103.57905677585704
Иркутская область,2022,102.28357623425698
Кемеровская область,2022,99.99523220640421
Новосибирская область,2022,99.50868272433577
Омская область,2022,100.12001234858954
Томская область,2022,101.74454033361397
Республика Саха (Якутия),2022,99.23660314786062
Приморский край,2022,101.4999676631818
Хабаровский край,2022,100.29304308314639
Амурская область,2022,99.50816442224125
Магаданская область,2022,95.77261054771944
Сахалинская область,2022,96.82464456985598
Еврейская автономная область,2022,99.60261271863808
Чукотский автономный округ,2022,102.01493951087099
Белгородская область,2023,107.8
Брянская область,2023,110.1
Владимирская область,2023,109.9
Воронежская область,2023,109.3
Ивановская область,2023,109.5
Калужская область,2023,106.9
Костромская область,2023,108.0
Курская область,2023,109.4
Липецкая область,2023,109.4
Московская область,2023,109.3
Орловская область,2023,109.9
Рязанская область,2023,110.1
Смоленская область,2023,113.2
Тамбовская область,2023,109.5
Тверская область,2023,112.0
Тульская область,2023,111.7
Ярославская область,2023,111.5
г. Москва,2023,104.4
Республика Карелия,2023,108.2
Республика Коми,2023,106.6
Архангельская область,2023,106.2
Вологодская область,2023,103.7
Калининградская область,2023,108.6
Ленинградская область,2023,107.2
Мурманская область,2023,106.0
Новгородская область,2023,111.0
Псковская область,2023,109.3
г. Санкт-Петербург,2023,105.2
Республика Адыгея,2023,110.1
Республика Калмыкия,2023,111.3
Краснодарский край,2023,109.0
Астраханская область,2023,106.6
Волгоградская область,2023,111.2
Ростовская область,2023,109.5
Республика Дагестан,2023,105.2
Республика Ингушетия,2023,101.4
Кабардино-Балкарская Республика,2023,106.5
Карачаево-Черкесская Республика,2023,107.5
Республика Северная Осетия - Алания,2023,106.7
Ставропольский край,2023,106.0
Республика Башкортостан,2023,110.5
Республика Марий Эл,2023,112.3
Республика Мордовия,2023,112.0
Республика Татарстан,2023,112.8
Удмуртская Республика,2023,110.3
Чувашская Республика,2023,114.8
Кировская область,2023,111.1
Нижегородская область,2023,111.0
Оренбургская область,2023,116.2
Пензенская область,2023,111.0
Самарская область,2023,111.7
Саратовская область,2023,110.6
Ульяновская область,2023,110.3
Курганская область,2023,115.9
Свердловская область,2023,111.1
Тюменская область,2023,108.9
Челябинская область,2023,110.4
Республика Алтай,2023,112.7
Республика Бурятия,2023,104.2
Республика Тыва,2023,108.0
Республика Хакасия,2023,110.6
Алтайский край,2023,106.7
Красноярский край,2023,110.4
Иркутская область,2023,113.8
Кемеровская область,2023,112.2
Новосибирская область,2023,110.6
Омская область,2023,107.2
Томская область,2023,108.3
Республика Саха (Якутия),2023,109.6
Приморский край,2023,109.0
Хабаровский край,2023,109.3
Амурская область,2023,102.9
Магаданская область,2023,104.4
Сахалинская область,2023,104.8
Еврейская автономная область,2023,108.3
Чукотский автономный округ,2023,106.8
