region,year,vrp
Белгородская область,2000,42074.5
Брянская область,2000,24650.5
Владимирская область,2000,33017.7
Воронежская область,2000,49523.9
Ивановская область,2000,16900.0
Калужская область,2000,23903.3
Костромская область,2000,16662.2
Курская область,2000,30167.7
Липецкая область,2000,48067.7
Московская область,2000,176693.6
Орловская область,2000,22160.8
Рязанская область,2000,27956.5
Смоленская область,2000,28140.6
Тамбовская область,2000,23387.3
Тверская область,2000,35341.1
Тульская область,2000,42061.3
Ярославская область,2000,41756.2
г. Москва,2000,1159034.0
Республика Карелия,2000,28214.6
Республика Коми,2000,59473.1
Архангельская область,2000,61806.9
Вологодская область,2000,69195.5
Калининградская область,2000,23290.3
Ленинградская область,2000,56001.9
Мурманская область,2000,55135.0
Новгородская область,2000,20965.5
Псковская область,2000,16178.9
г. Санкт-Петербург,2000,188243.0
Республика Адыгея,2000,5519.6
Республика Калмыкия,2000,6212.6
Краснодарский край,2000,137125.3
Астраханская область,2000,28115.7
Волгоградская область,2000,63767.1
Ростовская область,2000,88955.0
Республика Дагестан,2000,20921.1
Республика Ингушетия,2000,2618.5
Кабардино-Балкарская Республика,2000,14081.3
Карачаево-Черкесская Республика,2000,5461.5
Республика Северная Осетия - Алания,2000,8363.2
Ставропольский край,2000,53732.4
Республика Башкортостан,2000,145125.0
Республика Марий Эл,2000,11207.6
Республика Мордовия,2000,17553.4
Республика Татарстан,2000,186154.4
Удмуртская Республика,2000,53307.4
Чувашская Республика,2000,22995.1
Кировская область,2000,35795.4
Нижегородская область,2000,105055.9
Оренбургская область,2000,76343.3
Пензенская область,2000,25218.7
Самарская область,2000,140407.4
Саратовская область,2000,63068.2
Ульяновская область,2000,30415.0
Курганская область,2000,18705.2
Свердловская область,2000,156077.0
Тюменская область,2000,570790.2
Челябинская область,2000,120561.0
Республика Алтай,2000,2737.5
Республика Тыва,2000,3594.1
Республика Хакасия,2000,17418.1
Алтайский край,2000,46736.8
Красноярский край,2000,214662.7
Иркутская область,2000,103013.8
Кемеровская область,2000,88728.1
Новосибирская область,2000,72012.7
Омская область,2000,46028.4
Томская область,2000,40539.5
Республика Бурятия,2000,21574.5
Республика Саха (Якутия),2000,81960.4
Приморский край,2000,62088.5
Хабаровский край,2000,64794.8
Амурская область,2000,26315.2
Магаданская область,2000,13009.5
Сахалинская область,2000,34777.0
Еврейская автономная область,2000,3784.0
Чукотский автономный округ,2000,3931.4
Белгородская область,2001,49941.8
Брянская область,2001,30110.3
Владимирская область,2001,42075.4
Воронежская область,2001,60014.6
Ивановская область,2001,22175.9
Калужская область,2001,31860.0
Костромская область,2001,22221.5
Курская область,2001,36399.8
Липецкая область,2001,50574.1
Московская область,2001,235159.6
Орловская область,2001,27624.8
Рязанская область,2001,37054.3
Смоленская область,2001,36016.3
Тамбовская область,2001,31086.6
Тверская область,2001,46986.4
Тульская область,2001,52891.2
Ярославская область,2001,61149.6
г. Москва,2001,1370182.8
Республика Карелия,2001,33721.2
Республика Коми,2001,78276.5
Архангельская область,2001,67274.7
Вологодская область,2001,65425.3
Калининградская область,2001,32327.2
Ленинградская область,2001,75858.6
Мурманская область,2001,57569.3
Новгородская область,2001,27501.0
Псковская область,2001,19416.9
г. Санкт-Петербург,2001,251654.4
Республика Адыгея,2001,6641.8
Республика Калмыкия,2001,6732.0
Краснодарский край,2001,179177.5
Астраханская область,2001,32274.3
Волгоградская область,2001,82919.7
Ростовская область,2001,118762.5
Республика Дагестан,2001,31544.0
Республика Ингушетия,2001,3604.3
Кабардино-Балкарская Республика,2001,19443.3
Карачаево-Черкесская Республика,2001,7324.8
Республика Северная Осетия - Алания,2001,12665.3
Ставропольский край,2001,67860.4
Республика Башкортостан,2001,166974.8
Республика Марий Эл,2001,15087.8
Республика Мордовия,2001,22089.5
Республика Татарстан,2001,213740.0
Удмуртская Республика,2001,65551.4
Чувашская Республика,2001,30778.5
Кировская область,2001,41699.0
Нижегородская область,2001,149322.6
Оренбургская область,2001,85168.3
Пензенская область,2001,33262.6
Самарская область,2001,180049.3
Саратовская область,2001,83665.7
Ульяновская область,2001,38563.6
Курганская область,2001,25379.6
Свердловская область,2001,199859.1
Тюменская область,2001,753119.2
Челябинская область,2001,142461.9
Республика Алтай,2001,4499.4
Республика Тыва,2001,5197.2
Республика Хакасия,2001,20041.0
Алтайский край,2001,61854.4
Красноярский край,2001,239420.0
Иркутская область,2001,120240.0
Кемеровская область,2001,113800.2
Новосибирская область,2001,95298.9
Омская область,2001,61535.7
Томская область,2001,57041.1
Республика Бурятия,2001,30075.1
Республика Саха (Якутия),2001,100922.4
Приморский край,2001,72826.1
Хабаровский край,2001,79891.5
Амурская область,2001,39052.8
Магаданская область,2001,17151.6
Сахалинская область,2001,47140.1
Еврейская автономная область,2001,4788.9
Чукотский автономный округ,2001,6944.6
Белгородская область,2002,62404.4
Брянская область,2002,37374.1
Владимирская область,2002,50359.9
Воронежская область,2002,83001.1
Ивановская область,2002,26981.3
Калужская область,2002,37283.1
Костромская область,2002,25952.9
Курская область,2002,45309.4
Липецкая область,2002,70590.5
Московская область,2002,312950.0
Орловская область,2002,35657.4
Рязанская область,2002,45797.5
Смоленская область,2002,42166.1
Тамбовская область,2002,38897.8
Тверская область,2002,55732.6
Тульская область,2002,65416.3
Ярославская область,2002,75313.4
г. Москва,2002,1767476.7
Республика Карелия,2002,41362.4
Республика Коми,2002,86019.4
Архангельская область,2002,83158.8
Вологодская область,2002,80731.9
Калининградская область,2002,40120.3
Ленинградская область,2002,94747.0
Мурманская область,2002,68445.4
Новгородская область,2002,31466.8
Псковская область,2002,24098.9
г. Санкт-Петербург,2002,336692.3
Республика Адыгея,2002,7909.9
Республика Калмыкия,2002,7272.3
Краснодарский край,2002,217727.6
Астраханская область,2002,40994.9
Волгоградская область,2002,104341.2
Ростовская область,2002,140773.3
Республика Дагестан,2002,41441.0
Республика Ингушетия,2002,3582.1
Кабардино-Балкарская Республика,2002,22774.5
Карачаево-Черкесская Республика,2002,10234.5
Республика Северная Осетия - Алания,2002,15997.5
Ставропольский край,2002,80534.5
Республика Башкортостан,2002,187842.2
Республика Марий Эл,2002,17815.3
Республика Мордовия,2002,27508.0
Республика Татарстан,2002,250596.0
Удмуртская Республика,2002,78346.3
Чувашская Республика,2002,37180.6
Кировская область,2002,49974.2
Нижегородская область,2002,170826.5
Оренбургская область,2002,94182.5
Пензенская область,2002,41623.4
Самарская область,2002,206320.2
Саратовская область,2002,97326.4
Ульяновская область,2002,45677.0
Курганская область,2002,29940.8
Свердловская область,2002,234866.4
Тюменская область,2002,898722.4
Челябинская область,2002,172446.4
Республика Алтай,2002,5310.6
Республика Тыва,2002,6847.4
Республика Хакасия,2002,25423.3
Алтайский край,2002,73107.4
Красноярский край,2002,230994.9
Иркутская область,2002,140195.9
Кемеровская область,2002,136156.7
Новосибирская область,2002,123084.5
Омская область,2002,92628.7
Томская область,2002,75547.0
Республика Бурятия,2002,37884.5
Республика Саха (Якутия),2002,115117.1
Приморский край,2002,96832.3
Хабаровский край,2002,101048.6
Амурская область,2002,45717.5
Магаданская область,2002,22374.8
Сахалинская область,2002,47139.8
Еврейская автономная область,2002,6838.5
Чукотский автономный округ,2002,10155.4
Белгородская область,2003,76054.5
Брянская область,2003,43700.3
Владимирская область,2003,61818.6
Воронежская область,2003,100143.3
Ивановская область,2003,33214.6
Калужская область,2003,48792.7
Костромская область,2003,29692.1
Курская область,2003,56383.1
Липецкая область,2003,96241.9
Московская область,2003,412089.3
Орловская область,2003,42073.3
Рязанская область,2003,59607.2
Смоленская область,2003,49085.7
Тамбовская область,2003,46877.7
Тверская область,2003,68805.3
Тульская область,2003,72258.0
Ярославская область,2003,92073.4
г. Москва,2003,2188231.5
Республика Карелия,2003,46588.9
Республика Коми,2003,107149.0
Архангельская область,2003,103951.3
Вологодская область,2003,107544.6
Калининградская область,2003,46757.7
Ленинградская область,2003,121222.3
Мурманская область,2003,80604.1
Новгородская область,2003,38081.7
Псковская область,2003,29488.4
г. Санкт-Петербург,2003,409638.5
Республика Адыгея,2003,9849.3
Республика Калмыкия,2003,6539.5
Краснодарский край,2003,248565.5
Астраханская область,2003,50659.8
Волгоградская область,2003,128622.2
Ростовская область,2003,171849.0
Республика Дагестан,2003,57626.7
Республика Ингушетия,2003,4756.6
Кабардино-Балкарская Республика,2003,25997.4
Карачаево-Черкесская Республика,2003,11481.1
Республика Северная Осетия - Алания,2003,18925.2
Ставропольский край,2003,101382.6
Республика Башкортостан,2003,242920.5
Республика Марий Эл,2003,22987.3
Республика Мордовия,2003,33244.0
Республика Татарстан,2003,305086.1
Удмуртская Республика,2003,89034.5
Чувашская Республика,2003,45133.1
Кировская область,2003,57795.8
Нижегородская область,2003,206926.0
Оренбургская область,2003,115824.6
Пензенская область,2003,48111.5
Самарская область,2003,256554.6
Саратовская область,2003,119909.0
Ульяновская область,2003,55184.3
Курганская область,2003,37046.2
Свердловская область,2003,284576.3
Тюменская область,2003,1117514.4
Челябинская область,2003,220185.2
Республика Алтай,2003,6903.9
Республика Тыва,2003,8121.2
Республика Хакасия,2003,28969.2
Алтайский край,2003,88733.3
Красноярский край,2003,272727.0
Иркутская область,2003,167927.1
Кемеровская область,2003,164903.1
Новосибирская область,2003,153798.9
Омская область,2003,115029.5
Томская область,2003,97084.3
Республика Бурятия,2003,52253.7
Республика Саха (Якутия),2003,132964.1
Приморский край,2003,119333.7
Хабаровский край,2003,116318.1
Амурская область,2003,53199.9
Магаданская область,2003,24325.9
Сахалинская область,2003,63139.2
Еврейская автономная область,2003,8564.6
Чукотский автономный округ,2003,13501.1
Белгородская область,2004,114409.3
Брянская область,2004,51003.4
Владимирская область,2004,74207.0
Воронежская область,2004,117197.6
Ивановская область,2004,40159.4
Калужская область,2004,57993.8
Костромская область,2004,37787.4
Курская область,2004,76506.1
Липецкая область,2004,141778.3
Московская область,2004,535204.4
Орловская область,2004,46042.3
Рязанская область,2004,69996.0
Смоленская область,2004,56113.9
Тамбовская область,2004,56775.0
Тверская область,2004,88081.5
Тульская область,2004,88119.6
Ярославская область,2004,112438.7
г. Москва,2004,2853272.4
Республика Карелия,2004,53964.1
Республика Коми,2004,131588.0
Архангельская область,2004,142564.7
Вологодская область,2004,161378.6
Калининградская область,2004,66552.1
Ленинградская область,2004,166445.0
Мурманская область,2004,124972.0
Новгородская область,2004,49242.3
Псковская область,2004,35816.0
г. Санкт-Петербург,2004,542359.2
Республика Адыгея,2004,12493.2
Республика Калмыкия,2004,8518.5
Краснодарский край,2004,313623.6
Астраханская область,2004,56710.9
Волгоградская область,2004,154337.7
Ростовская область,2004,221167.4
Республика Дагестан,2004,80712.4
Республика Ингушетия,2004,6210.4
Кабардино-Балкарская Республика,2004,29052.9
Карачаево-Черкесская Республика,2004,13127.2
Республика Северная Осетия - Алания,2004,24268.0
Ставропольский край,2004,122235.4
Республика Башкортостан,2004,310845.1
Республика Марий Эл,2004,30085.6
Республика Мордовия,2004,38334.9
Республика Татарстан,2004,391116.0
Удмуртская Республика,2004,100833.1
Чувашская Республика,2004,59573.8
Кировская область,2004,70706.2
Нижегородская область,2004,241230.4
Оренбургская область,2004,169876.7
Пензенская область,2004,59711.7
Самарская область,2004,327118.5
Саратовская область,2004,151636.9
Ульяновская область,2004,67501.0
Курганская область,2004,42470.6
Свердловская область,2004,364368.8
Тюменская область,2004,1536733.7
Челябинская область,2004,291179.9
Республика Алтай,2004,8516.7
Республика Тыва,2004,9838.5
Республика Хакасия,2004,33102.9
Алтайский край,2004,114840.5
Красноярский край,2004,365454.1
Иркутская область,2004,213244.2
Кемеровская область,2004,244462.0
Новосибирская область,2004,191826.7
Омская область,2004,192877.3
Томская область,2004,132439.3
Республика Бурятия,2004,63918.5
Республика Саха (Якутия),2004,153496.7
Приморский край,2004,152301.1
Хабаровский край,2004,133330.5
Амурская область,2004,64250.2
Магаданская область,2004,24612.3
Сахалинская область,2004,91729.6
Еврейская автономная область,2004,11230.9
Чукотский автономный округ,2004,12357.8
Белгородская область,2005,144987.8
Брянская область,2005,66692.3
Владимирская область,2005,86926.8
Воронежская область,2005,133586.6
Ивановская область,2005,44415.4
Калужская область,2005,70953.9
Костромская область,2005,44684.7
Курская область,2005,86624.9
Липецкая область,2005,145194.4
Московская область,2005,708062.1
Орловская область,2005,53181.9
Рязанская область,2005,84382.7
Смоленская область,2005,65525.6
Тамбовская область,2005,63614.8
Тверская область,2005,96897.4
Тульская область,2005,116221.2
Ярославская область,2005,131252.1
г. Москва,2005,4135154.6
Республика Карелия,2005,77124.8
Республика Коми,2005,171307.2
Архангельская область,2005,166433.4
Вологодская область,2005,193966.1
Калининградская область,2005,81837.6
Ленинградская область,2005,205416.9
Мурманская область,2005,132870.2
Новгородская область,2005,63848.3
Псковская область,2005,40582.9
г. Санкт-Петербург,2005,666392.8
Республика Адыгея,2005,17029.1
Республика Калмыкия,2005,9685.7
Краснодарский край,2005,372929.8
Астраханская область,2005,70127.6
Волгоградская область,2005,203232.2
Ростовская область,2005,263051.5
Республика Дагестан,2005,90442.6
Республика Ингушетия,2005,7419.3
Кабардино-Балкарская Республика,2005,36833.4
Карачаево-Черкесская Республика,2005,16724.3
Республика Северная Осетия - Алания,2005,31182.2
Ставропольский край,2005,146569.3
Республика Башкортостан,2005,381646.5
Республика Марий Эл,2005,33350.7
Республика Мордовия,2005,44267.0
Республика Татарстан,2005,482759.2
Удмуртская Республика,2005,139995.3
Чувашская Республика,2005,69391.6
Кировская область,2005,79800.6
Нижегородская область,2005,299723.7
Оренбургская область,2005,213138.2
Пензенская область,2005,74362.7
Самарская область,2005,401812.2
Саратовская область,2005,170930.5
Ульяновская область,2005,80584.4
Курганская область,2005,50245.8
Свердловская область,2005,475575.5
Тюменская область,2005,2215584.4
Челябинская область,2005,349957.2
Республика Алтай,2005,8805.8
Республика Тыва,2005,11662.5
Республика Хакасия,2005,41727.5
Алтайский край,2005,135686.4
Красноярский край,2005,439736.9
Иркутская область,2005,258095.5
Кемеровская область,2005,295378.4
Новосибирская область,2005,235381.8
Омская область,2005,220686.1
Томская область,2005,159578.5
Республика Бурятия,2005,74912.9
Республика Саха (Якутия),2005,183027.0
Приморский край,2005,186623.3
Хабаровский край,2005,161194.4
Амурская область,2005,76861.2
Магаданская область,2005,27167.8
Сахалинская область,2005,121014.1
Еврейская автономная область,2005,14204.2
Чукотский автономный округ,2005,12355.4
Белгородская область,2006,178846.1
Брянская область,2006,82100.4
Владимирская область,2006,112841.7
Воронежская область,2006,166176.5
Ивановская область,2006,55090.0
Калужская область,2006,86150.5
Костромская область,2006,54351.1
Курская область,2006,104035.7
Липецкая область,2006,179057.3
Московская область,2006,934328.9
Орловская область,2006,64801.6
Рязанская область,2006,105491.9
Смоленская область,2006,79043.4
Тамбовская область,2006,79766.2
Тверская область,2006,127363.8
Тульская область,2006,142240.1
Ярославская область,2006,153251.5
г. Москва,2006,5260232.8
Республика Карелия,2006,84228.3
Республика Коми,2006,218490.7
Архангельская область,2006,215932.7
Вологодская область,2006,201939.2
Калининградская область,2006,103138.7
Ленинградская область,2006,265260.4
Мурманская область,2006,158127.0
Новгородская область,2006,74923.8
Псковская область,2006,51464.9
г. Санкт-Петербург,2006,825102.3
Республика Адыгея,2006,21132.4
Республика Калмыкия,2006,12844.1
Краснодарский край,2006,483950.7
Астраханская область,2006,85112.1
Волгоградская область,2006,252142.7
Ростовская область,2006,340012.5
Республика Дагестан,2006,124153.5
Республика Ингушетия,2006,9033.5
Кабардино-Балкарская Республика,2006,43309.7
Карачаево-Черкесская Республика,2006,23260.1
Республика Северная Осетия - Алания,2006,43341.2
Ставропольский край,2006,181675.1
Республика Башкортостан,2006,505205.8
Республика Марий Эл,2006,43663.7
Республика Мордовия,2006,57974.2
Республика Татарстан,2006,605911.5
Удмуртская Республика,2006,164848.5
Чувашская Республика,2006,93172.0
Кировская область,2006,97047.1
Нижегородская область,2006,376180.3
Оренбургская область,2006,302808.4
Пензенская область,2006,88805.0
Самарская область,2006,487713.5
Саратовская область,2006,204291.2
Ульяновская область,2006,101950.3
Курганская область,2006,68434.5
Свердловская область,2006,653908.3
Тюменская область,2006,2551355.4
Челябинская область,2006,446918.0
Республика Алтай,2006,11609.4
Республика Тыва,2006,15146.8
Республика Хакасия,2006,53689.3
Алтайский край,2006,173810.5
Красноярский край,2006,585881.9
Иркутская область,2006,330834.3
Кемеровская область,2006,342210.6
Новосибирская область,2006,296064.5
Омская область,2006,262506.7
Томская область,2006,188800.7
Республика Бурятия,2006,91712.4
Республика Саха (Якутия),2006,206845.0
Приморский край,2006,215934.4
Хабаровский край,2006,194259.6
Амурская область,2006,95090.9
Магаданская область,2006,31203.2
Сахалинская область,2006,166105.4
Еврейская автономная область,2006,17976.8
Чукотский автономный округ,2006,15538.0
Белгородская область,2007,237013.3
Брянская область,2007,102706.2
Владимирская область,2007,146663.0
Воронежская область,2007,222811.9
Ивановская область,2007,74752.0
Калужская область,2007,111869.0
Костромская область,2007,65700.4
Курская область,2007,128799.0
Липецкая область,2007,209821.5
Московская область,2007,1295649.9
Орловская область,2007,77101.2
Рязанская область,2007,121305.2
Смоленская область,2007,95703.4
Тамбовская область,2007,106039.6
Тверская область,2007,156034.6
Тульская область,2007,174110.9
Ярославская область,2007,186577.5
г. Москва,2007,6696259.1
Республика Карелия,2007,104603.3
Республика Коми,2007,241150.5
Архангельская область,2007,268672.1
Вологодская область,2007,243336.3
Калининградская область,2007,143927.7
Ленинградская область,2007,309028.6
Мурманская область,2007,191584.6
Новгородская область,2007,86664.9
Псковская область,2007,61561.9
г. Санкт-Петербург,2007,1119660.3
Республика Адыгея,2007,29085.1
Республика Калмыкия,2007,17225.8
Краснодарский край,2007,648211.3
Астраханская область,2007,100359.2
Волгоградская область,2007,331766.8
Ростовская область,2007,450434.7
Республика Дагестан,2007,156928.8
Республика Ингушетия,2007,16812.4
Кабардино-Балкарская Республика,2007,48908.7
Карачаево-Черкесская Республика,2007,27469.7
Республика Северная Осетия - Алания,2007,52804.8
Ставропольский край,2007,222239.6
Республика Башкортостан,2007,590054.1
Республика Марий Эл,2007,55069.2
Республика Мордовия,2007,77048.8
Республика Татарстан,2007,757401.4
Удмуртская Республика,2007,205647.4
Чувашская Республика,2007,123453.3
Кировская область,2007,118154.9
Нижегородская область,2007,473307.4
Оренбургская область,2007,370880.9
Пензенская область,2007,119104.0
Самарская область,2007,584968.6
Саратовская область,2007,252867.2
Ульяновская область,2007,124676.2
Курганская область,2007,81076.0
Свердловская область,2007,820792.5
Тюменская область,2007,2758813.1
Челябинская область,2007,575643.7
Республика Алтай,2007,15108.5
Республика Тыва,2007,19384.2
Республика Хакасия,2007,63722.0
Алтайский край,2007,223563.4
Красноярский край,2007,734154.8
Иркутская область,2007,402654.7
Кемеровская область,2007,437790.2
Новосибирская область,2007,365531.2
Омская область,2007,296004.7
Томская область,2007,214487.0
Республика Бурятия,2007,107442.0
Республика Саха (Якутия),2007,242656.5
Приморский край,2007,259041.4
Хабаровский край,2007,231293.2
Амурская область,2007,111761.2
Магаданская область,2007,35314.4
Сахалинская область,2007,286273.0
Еврейская автономная область,2007,23726.1
Чукотский автономный округ,2007,20984.1
Белгородская область,2008,317656.3
Брянская область,2008,125834.4
Владимирская область,2008,175395.7
Воронежская область,2008,287072.1
Ивановская область,2008,86980.3
Калужская область,2008,150394.4
Костромская область,2008,81040.7
Курская область,2008,167865.8
Липецкая область,2008,259532.2
Московская область,2008,1645753.0
Орловская область,2008,96669.9
Рязанская область,2008,150151.2
Смоленская область,2008,121601.3
Тамбовская область,2008,120836.0
Тверская область,2008,192283.0
Тульская область,2008,231730.8
Ярославская область,2008,214946.3
г. Москва,2008,8248652.0
Республика Карелия,2008,115208.2
Республика Коми,2008,291812.1
Архангельская область,2008,289755.9
Вологодская область,2008,294926.2
Калининградская область,2008,179266.7
Ленинградская область,2008,383255.4
Мурманская область,2008,213733.5
Новгородская область,2008,115141.3
Псковская область,2008,73283.2
г. Санкт-Петербург,2008,1431839.6
Республика Адыгея,2008,36134.4
Республика Калмыкия,2008,20789.7
Краснодарский край,2008,803834.1
Астраханская область,2008,147549.1
Волгоградская область,2008,416678.5
Ростовская область,2008,576125.7
Республика Дагестан,2008,216277.2
Республика Ингушетия,2008,19172.9
Кабардино-Балкарская Республика,2008,58093.4
Карачаево-Черкесская Республика,2008,35714.2
Республика Северная Осетия - Алания,2008,57707.4
Ставропольский край,2008,274992.0
Республика Башкортостан,2008,743133.4
Республика Марий Эл,2008,65765.3
Республика Мордовия,2008,94058.3
Республика Татарстан,2008,926056.7
Удмуртская Республика,2008,243135.5
Чувашская Республика,2008,155032.3
Кировская область,2008,151116.7
Нижегородская область,2008,588790.8
Оренбургская область,2008,430023.1
Пензенская область,2008,147853.2
Самарская область,2008,699295.6
Саратовская область,2008,321747.2
Ульяновская область,2008,150680.3
Курганская область,2008,106223.2
Свердловская область,2008,923550.8
Тюменская область,2008,3121401.3
Челябинская область,2008,664492.7
Республика Алтай,2008,18701.0
Республика Тыва,2008,23870.5
Республика Хакасия,2008,72308.8
Алтайский край,2008,259343.1
Красноярский край,2008,737950.5
Иркутская область,2008,438852.4
Кемеровская область,2008,575901.9
Новосибирская область,2008,453574.6
Омская область,2008,347760.3
Томская область,2008,248906.2
Республика Бурятия,2008,124738.5
Республика Саха (Якутия),2008,309518.3
Приморский край,2008,316581.9
Хабаровский край,2008,269178.6
Амурская область,2008,131563.7
Магаданская область,2008,42053.8
Сахалинская область,2008,333581.6
Еврейская автономная область,2008,23977.0
Чукотский автономный округ,2008,30558.7
Белгородская область,2009,304345.3
Брянская область,2009,126477.4
Владимирская область,2009,185824.6
Воронежская область,2009,301729.1
Ивановская область,2009,87061.9
Калужская область,2009,154946.1
Костромская область,2009,78920.7
Курская область,2009,161570.9
Липецкая область,2009,226662.0
Московская область,2009,1519446.3
Орловская область,2009,90623.6
Рязанская область,2009,153634.1
Смоленская область,2009,125348.9
Тамбовская область,2009,136323.9
Тверская область,2009,197687.0
Тульская область,2009,214925.4
Ярославская область,2009,212684.4
г. Москва,2009,7126972.4
Республика Карелия,2009,105924.1
Республика Коми,2009,302629.2
Архангельская область,2009,323606.8
Вологодская область,2009,213396.9
Калининградская область,2009,169519.6
Ленинградская область,2009,430395.5
Мурманская область,2009,202235.5
Новгородская область,2009,117710.0
Псковская область,2009,74647.8
г. Санкт-Петербург,2009,1475805.3
Республика Адыгея,2009,41511.5
Республика Калмыкия,2009,23948.1
Краснодарский край,2009,861603.3
Астраханская область,2009,134418.2
Волгоградская область,2009,377514.3
Ростовская область,2009,555917.1
Республика Дагестан,2009,257832.7
Республика Ингушетия,2009,18953.3
Кабардино-Балкарская Республика,2009,65660.1
Карачаево-Черкесская Республика,2009,38584.1
Республика Северная Осетия - Алания,2009,64081.4
Ставропольский край,2009,277251.0
Республика Башкортостан,2009,647911.7
Республика Марий Эл,2009,69271.5
Республика Мордовия,2009,90862.4
Республика Татарстан,2009,885064.0
Удмуртская Республика,2009,230938.3
Чувашская Республика,2009,139909.5
Кировская область,2009,146321.3
Нижегородская область,2009,547223.0
Оренбургская область,2009,413395.5
Пензенская область,2009,147185.1
Самарская область,2009,583999.9
Саратовская область,2009,326370.4
Ульяновская область,2009,154247.4
Курганская область,2009,107914.5
Свердловская область,2009,825267.4
Тюменская область,2009,2870284.0
Челябинская область,2009,556985.3
Республика Алтай,2009,19911.6
Республика Тыва,2009,26921.9
Республика Хакасия,2009,81019.9
Алтайский край,2009,265613.3
Красноярский край,2009,749194.8
Иркутская область,2009,458774.9
Кемеровская область,2009,512408.0
Новосибирская область,2009,425400.2
Омская область,2009,336259.6
Томская область,2009,245808.3
Республика Бурятия,2009,121187.7
Республика Саха (Якутия),2009,328201.7
Приморский край,2009,368996.7
Хабаровский край,2009,276895.4
Амурская область,2009,151118.6
Магаданская область,2009,47895.9
Сахалинская область,2009,392380.1
Еврейская автономная область,2009,25320.0
Чукотский автономный округ,2009,45067.6
Белгородская область,2010,398361.4
Брянская область,2010,147024.0
Владимирская область,2010,224759.2
Воронежская область,2010,346568.2
Ивановская область,2010,109884.5
Калужская область,2010,188601.3
Костромская область,2010,98130.7
Курская область,2010,193648.6
Липецкая область,2010,248544.9
Московская область,2010,1832867.3
Орловская область,2010,106196.7
Рязанская область,2010,179127.9
Смоленская область,2010,154681.1
Тамбовская область,2010,143902.4
Тверская область,2010,219004.9
Тульская область,2010,237629.2
Ярославская область,2010,239644.0
г. Москва,2010,8375863.8
Республика Карелия,2010,120511.3
Республика Коми,2010,353853.0
Архангельская область,2010,372804.8
Вологодская область,2010,262432.7
Калининградская область,2010,195749.1
Ленинградская область,2010,490303.7
Мурманская область,2010,233438.9
Новгородская область,2010,127407.8
Псковская область,2010,87066.0
г. Санкт-Петербург,2010,1699486.4
Республика Адыгея,2010,47194.5
Республика Калмыкия,2010,24404.1
Краснодарский край,2010,1028308.4
Астраханская область,2010,144888.8
Волгоградская область,2010,433473.7
Ростовская область,2010,659667.4
Республика Дагестан,2010,274354.2
Республика Ингушетия,2010,19929.1
Кабардино-Балкарская Республика,2010,77086.4
Карачаево-Черкесская Республика,2010,43651.5
Республика Северная Осетия - Алания,2010,75327.4
Ставропольский край,2010,330790.8
Республика Башкортостан,2010,759203.3
Республика Марий Эл,2010,82374.4
Республика Мордовия,2010,105343.8
Республика Татарстан,2010,1001622.8
Удмуртская Республика,2010,274578.1
Чувашская Республика,2010,157704.6
Кировская область,2010,172352.0
Нижегородская область,2010,652805.9
Оренбургская область,2010,458145.4
Пензенская область,2010,172166.7
Самарская область,2010,695651.2
Саратовская область,2010,376169.4
Ульяновская область,2010,178235.4
Курганская область,2010,117879.5
Свердловская область,2010,1046600.1
Тюменская область,2010,3301573.3
Челябинская область,2010,652865.5
Республика Алтай,2010,22393.7
Республика Тыва,2010,30772.8
Республика Хакасия,2010,96039.8
Алтайский край,2010,302900.7
Красноярский край,2010,1055525.0
Иркутская область,2010,546141.0
Кемеровская область,2010,625914.9
Новосибирская область,2010,484141.3
Омская область,2010,382620.4
Томская область,2010,284676.7
Республика Бурятия,2010,133525.6
Республика Саха (Якутия),2010,386825.1
Приморский край,2010,470679.2
Хабаровский край,2010,353590.3
Амурская область,2010,178689.6
Магаданская область,2010,59619.7
Сахалинская область,2010,487659.5
Еврейская автономная область,2010,31555.9
Чукотский автономный округ,2010,38978.1
Белгородская область,2011,507839.8
Брянская область,2011,174211.8
Владимирская область,2011,261222.6
Воронежская область,2011,474973.9
Ивановская область,2011,128905.4
Калужская область,2011,234749.0
Костромская область,2011,116629.8
Курская область,2011,228851.4
Липецкая область,2011,287816.8
Московская область,2011,2176795.3
Орловская область,2011,131198.2
Рязанская область,2011,214142.6
Смоленская область,2011,180811.5
Тамбовская область,2011,173283.1
Тверская область,2011,255073.0
Тульская область,2011,279879.3
Ярославская область,2011,286967.5
г. Москва,2011,9948772.8
Республика Карелия,2011,154953.7
Республика Коми,2011,435959.3
Архангельская область,2011,439116.8
Вологодская область,2011,323067.9
Калининградская область,2011,241004.8
Ленинградская область,2011,581712.0
Мурманская область,2011,263811.7
Новгородская область,2011,153419.7
Псковская область,2011,100498.5
г. Санкт-Петербург,2011,2091914.3
Республика Адыгея,2011,56803.3
Республика Калмыкия,2011,29318.7
Краснодарский край,2011,1244652.8
Астраханская область,2011,172616.6
Волгоградская область,2011,508433.3
Ростовская область,2011,765967.2
Республика Дагестан,2011,330322.8
Республика Ингушетия,2011,26858.899999999998
Кабардино-Балкарская Республика,2011,90594.5
Карачаево-Черкесская Республика,2011,49252.1
Республика Северная Осетия - Алания,2011,85876.7
Ставропольский край,2011,396791.6
Республика Башкортостан,2011,941023.6
Республика Марий Эл,2011,97323.3
Республика Мордовия,2011,119955.2
Республика Татарстан,2011,1305947.0
Удмуртская Республика,2011,335984.0
Чувашская Республика,2011,188785.7
Кировская область,2011,195269.5
Нижегородская область,2011,770774.0
Оренбургская область,2011,553320.9
Пензенская область,2011,213401.2
Самарская область,2011,834149.3
Саратовская область,2011,431028.0
Ульяновская область,2011,223672.7
Курганская область,2011,136325.1
Свердловская область,2011,1291019.1
Тюменская область,2011,4112596.0
Челябинская область,2011,774401.0
Республика Алтай,2011,26380.8
Республика Тыва,2011,33398.9
Республика Хакасия,2011,113088.1
Алтайский край,2011,332117.8
Красноярский край,2011,1170827.3
Иркутская область,2011,634561.4
Кемеровская область,2011,751198.4
Новосибирская область,2011,598563.5
Омская область,2011,451418.8
Томская область,2011,333885.7
Республика Бурятия,2011,153624.1
Республика Саха (Якутия),2011,486830.9
Приморский край,2011,549722.8
Хабаровский край,2011,399594.2
Амурская область,2011,225401.7
Магаданская область,2011,72174.2
Сахалинская область,2011,600247.9
Еврейская автономная область,2011,39467.0
Чукотский автономный округ,2011,44757.6
Белгородская область,2012,545517.2
Брянская область,2012,207397.5
Владимирская область,2012,286018.6
Воронежская область,2012,563965.4
Ивановская область,2012,136115.0
Калужская область,2012,285256.6
Костромская область,2012,130840.4
Курская область,2012,248213.1
Липецкая область,2012,293301.3
Московская область,2012,2357081.9
Орловская область,2012,146103.2
Рязанская область,2012,253881.6
Смоленская область,2012,201817.0
Тамбовская область,2012,203331.5
Тверская область,2012,268063.9
Тульская область,2012,311240.3
Ярославская область,2012,327279.6
г. Москва,2012,10666870.5
Республика Карелия,2012,160841.5
Республика Коми,2012,479051.3
Архангельская область,2012,472470.9
Вологодская область,2012,355291.3
Калининградская область,2012,265361.2
Ленинградская область,2012,672066.9
Мурманская область,2012,283846.2
Новгородская область,2012,170605.7
Псковская область,2012,107547.5
г. Санкт-Петербург,2012,2280426.0
Республика Адыгея,2012,65300.4
Республика Калмыкия,2012,35897.8
Краснодарский край,2012,1459490.8
Астраханская область,2012,209654.4
Волгоградская область,2012,571516.1
Ростовская область,2012,843560.3
Республика Дагестан,2012,374710.3
Республика Ингушетия,2012,37413.9
Кабардино-Балкарская Республика,2012,106711.2
Карачаево-Черкесская Республика,2012,58712.1
Республика Северная Осетия - Алания,2012,97448.8
Ставропольский край,2012,431753.4
Республика Башкортостан,2012,1149384.6
Республика Марий Эл,2012,117201.1
Республика Мордовия,2012,134315.6
Республика Татарстан,2012,1437001.0
Удмуртская Республика,2012,372782.7
Чувашская Республика,2012,217821.1
Кировская область,2012,208505.4
Нижегородская область,2012,842195.5
Оренбургская область,2012,628563.6
Пензенская область,2012,239962.5
Самарская область,2012,937434.5
Саратовская область,2012,478275.8
Ульяновская область,2012,240556.1
Курганская область,2012,146045.5
Свердловская область,2012,1484879.0
Тюменская область,2012,4625467.5
Челябинская область,2012,841972.2999999999
Республика Алтай,2012,30444.6
Республика Тыва,2012,37369.1
Республика Хакасия,2012,130638.5
Алтайский край,2012,368995.2
Красноярский край,2012,1183228.0
Иркутская область,2012,737971.6
Кемеровская область,2012,718320.4
Новосибирская область,2012,728154.0
Омская область,2012,491507.6
Томская область,2012,371472.9
Республика Бурятия,2012,164737.8
Республика Саха (Якутия),2012,541306.8
Приморский край,2012,557489.3
Хабаровский край,2012,437994.3
Амурская область,2012,229407.1
Магаданская область,2012,78417.9
Сахалинская область,2012,641886.4
Еврейская автономная область,2012,42743.6
Чукотский автономный округ,2012,45633.9
Белгородская область,2013,569006.4
Брянская область,2013,219502.8
Владимирская область,2013,306641.4
Воронежская область,2013,611720.4
Ивановская область,2013,158228.7
Калужская область,2013,292841.0
Костромская область,2013,139015.9
Курская область,2013,271542.5
Липецкая область,2013,315685.4
Московская область,2013,2545951.5
Орловская область,2013,164797.0
Рязанская область,2013,279286.5
Смоленская область,2013,225887.1
Тамбовская область,2013,236335.9
Тверская область,2013,298669.2
Тульская область,2013,348034.8
Ярославская область,2013,362861.8
г. Москва,2013,11814897.4
Республика Карелия,2013,178636.2
Республика Коми,2013,482329.9
Архангельская область,2013,500095.1
Вологодская область,2013,346227.6
Калининградская область,2013,275885.8
Ленинградская область,2013,678718.3
Мурманская область,2013,306578.7
Новгородская область,2013,178818.1
Псковская область,2013,114676.2
г. Санкт-Петербург,2013,2491423.3
Республика Адыгея,2013,70862.3
Республика Калмыкия,2013,41165.9
Краснодарский край,2013,1662969.0999999999
Астраханская область,2013,273917.1
Волгоградская область,2013,607472.2
Ростовская область,2013,917689.1
Республика Дагестан,2013,452882.2
Республика Ингушетия,2013,45766.7
Кабардино-Балкарская Республика,2013,110971.5
Карачаево-Черкесская Республика,2013,66106.6
Республика Северная Осетия - Алания,2013,118637.5
Ставропольский край,2013,480905.3
Республика Башкортостан,2013,1163219.0
Республика Марий Эл,2013,125950.2
Республика Мордовия,2013,148705.7
Республика Татарстан,2013,1551472.1
Удмуртская Республика,2013,405126.4
Чувашская Республика,2013,223147.9
Кировская область,2013,224152.3
Нижегородская область,2013,925182.0
Оренбургская область,2013,717014.7999999999
Пензенская область,2013,270436.8
Самарская область,2013,1048545.8
Саратовская область,2013,526178.9
Ульяновская область,2013,265288.7
Курганская область,2013,167037.9
Свердловская область,2013,1568655.2
Тюменская область,2013,4950207.4
Челябинская область,2013,882339.6
Республика Алтай,2013,33313.5
Республика Тыва,2013,41298.7
Республика Хакасия,2013,141850.5
Алтайский край,2013,416110.3
Красноярский край,2013,1256934.1
Иркутская область,2013,805197.5
Кемеровская область,2013,667950.5
Новосибирская область,2013,817516.7
Омская область,2013,551734.0
Томская область,2013,402562.1
Республика Бурятия,2013,176888.9
Республика Саха (Якутия),2013,570284.7000000001
Приморский край,2013,577473.9
Хабаровский край,2013,498067.2
Амурская область,2013,210700.9
Магаданская область,2013,88905.9
Сахалинская область,2013,671743.6
Еврейская автономная область,2013,38428.7
Чукотский автономный округ,2013,44466.9
Белгородская область,2014,619677.7
Брянская область,2014,242722.4
Владимирская область,2014,328064.2
Воронежская область,2014,717667.2
Ивановская область,2014,151876.8
Калужская область,2014,326459.5
Костромская область,2014,146731.5
Курская область,2014,298287.3
Липецкая область,2014,398464.5
Московская область,2014,2742886.1
Орловская область,2014,178822.5
Рязанская область,2014,295611.7
Смоленская область,2014,234710.1
Тамбовская область,2014,285656.5
Тверская область,2014,316613.2
Тульская область,2014,411122.3
Ярославская область,2014,391462.8
г. Москва,2014,12779525.7
Республика Карелия,2014,191192.1
Республика Коми,2014,484166.5
Архангельская область,2014,542695.3
Вологодская область,2014,387211.7
Калининградская область,2014,314088.3
Ленинградская область,2014,703325.6
Мурманская область,2014,328291.8
Новгородская область,2014,209304.4
Псковская область,2014,123825.6
г. Санкт-Петербург,2014,2661210.0
Республика Адыгея,2014,75622.5
Республика Калмыкия,2014,46680.6
Краснодарский край,2014,1784833.5
Астраханская область,2014,296319.3
Волгоградская область,2014,715409.6
Ростовская область,2014,1007758.8
Республика Дагестан,2014,528131.3
Республика Ингушетия,2014,51908.2
Кабардино-Балкарская Республика,2014,116886.0
Карачаево-Черкесская Республика,2014,65326.6
Республика Северная Осетия - Алания,2014,125960.5
Ставропольский край,2014,540796.8
Республика Башкортостан,2014,1260010.4
Республика Марий Эл,2014,143396.1
Республика Мордовия,2014,173872.7
Республика Татарстан,2014,1661413.8
Удмуртская Республика,2014,450548.9
Чувашская Республика,2014,237447.19999999998
Кировская область,2014,254089.4
Нижегородская область,2014,1009460.1
Оренбургская область,2014,731277.7
Пензенская область,2014,295238.7
Самарская область,2014,1149147.8
Саратовская область,2014,566646.1
Ульяновская область,2014,278808.2
Курганская область,2014,170310.3
Свердловская область,2014,1659783.9
Тюменская область,2014,5295348.5
Челябинская область,2014,993900.6
Республика Алтай,2014,39191.9
Республика Тыва,2014,45947.9
Республика Хакасия,2014,158372.8
Алтайский край,2014,446023.8
Красноярский край,2014,1410719.9
Иркутская область,2014,916317.5
Кемеровская область,2014,752024.0
Новосибирская область,2014,911219.0
Омская область,2014,602605.1
Томская область,2014,430266.8
Республика Бурятия,2014,186492.9
Республика Саха (Якутия),2014,658140.4
Приморский край,2014,642423.0
Хабаровский край,2014,539338.4
Амурская область,2014,232053.0
Магаданская область,2014,96936.8
Сахалинская область,2014,799165.4
Еврейская автономная область,2014,41948.1
Чукотский автономный округ,2014,57751.3
Белгородская область,2015,693379.4
Брянская область,2015,271782.5
Владимирская область,2015,368489.2
Воронежская область,2015,805969.6
Ивановская область,2015,180517.5
Калужская область,2015,339760.8
Костромская область,2015,160579.8
Курская область,2015,336999.4
Липецкая область,2015,448994.3
Московская область,2015,3180924.6
Орловская область,2015,208237.9
Рязанская область,2015,323131.8
Смоленская область,2015,256706.8
Тамбовская область,2015,317213.7
Тверская область,2015,329616.0
Тульская область,2015,477537.8
Ярославская область,2015,443054.1
г. Москва,2015,13520862.9
Республика Карелия,2015,212049.5
Республика Коми,2015,528403.4
Архангельская область,2015,627698.1
Вологодская область,2015,478893.0
Калининградская область,2015,349818.6
Ленинградская область,2015,849616.6
Мурманская область,2015,401582.7
Новгородская область,2015,234075.7
Псковская область,2015,135239.5
г. Санкт-Петербург,2015,3387417.7
Республика Адыгея,2015,84306.0
Республика Калмыкия,2015,51958.5
Краснодарский край,2015,1933512.1
Астраханская область,2015,322303.0
Волгоградская область,2015,740458.0
Ростовская область,2015,1189144.0
Республика Дагестан,2015,569297.3
Республика Ингушетия,2015,50091.0
Кабардино-Балкарская Республика,2015,120528.79999999999
Карачаево-Черкесская Республика,2015,67482.7
Республика Северная Осетия - Алания,2015,126051.2
Ставропольский край,2015,621198.3
Республика Башкортостан,2015,1316598.3
Республика Марий Эл,2015,171689.5
Республика Мордовия,2015,180352.3
Республика Татарстан,2015,1867258.7
Удмуртская Республика,2015,517999.8
Чувашская Республика,2015,251307.0
Кировская область,2015,282191.0
Нижегородская область,2015,1104643.2
Оренбургская область,2015,774962.1
Пензенская область,2015,343328.6
Самарская область,2015,1264910.3
Саратовская область,2015,625176.9
Ульяновская область,2015,304479.1
Курганская область,2015,179436.3
Свердловская область,2015,1822835.0
Тюменская область,2015,5851557.8
Челябинская область,2015,1209242.7
Республика Алтай,2015,42165.7
Республика Тыва,2015,47289.6
Республика Хакасия,2015,170413.1
Алтайский край,2015,487903.3
Красноярский край,2015,1667041.1
Иркутская область,2015,1001717.6
Кемеровская область,2015,843345.4
Новосибирская область,2015,1021642.9
Омская область,2015,618127.7
Томская область,2015,471456.7
Республика Бурятия,2015,202823.4
Республика Саха (Якутия),2015,747601.7
Приморский край,2015,717609.9
Хабаровский край,2015,595792.3
Амурская область,2015,277380.4
Магаданская область,2015,125798.3
Сахалинская область,2015,837495.2
Еврейская автономная область,2015,44554.8
Чукотский автономный округ,2015,61735.5
Белгородская область,2016,778027.8
Брянская область,2016,316489.4
Владимирская область,2016,431549.8
Воронежская область,2016,827928.6
Ивановская область,2016,205818.6
Калужская область,2016,409462.3
Костромская область,2016,170225.1
Курская область,2016,379011.3
Липецкая область,2016,501263.5
Московская область,2016,4206506.0
Орловская область,2016,228583.1
Рязанская область,2016,366211.3
Смоленская область,2016,283725.5
Тамбовская область,2016,320623.4
Тверская область,2016,397438.9
Тульская область,2016,552308.4
Ярославская область,2016,498880.3
г. Москва,2016,15121534.2
Республика Карелия,2016,248140.4
Республика Коми,2016,578649.1
Архангельская область,2016,713043.9
Вологодская область,2016,509931.7
Калининградская область,2016,417094.9
Ленинградская область,2016,953668.3
Мурманская область,2016,467006.5
Новгородская область,2016,253056.8
Псковская область,2016,159206.1
г. Санкт-Петербург,2016,4099939.7
Республика Адыгея,2016,101102.7
Республика Калмыкия,2016,69564.2
Краснодарский край,2016,2257074.5
Астраханская область,2016,368485.4
Волгоградская область,2016,825586.5
Ростовская область,2016,1375107.4
Республика Дагестан,2016,617587.6
Республика Ингушетия,2016,58141.5
Кабардино-Балкарская Республика,2016,152970.8
Карачаево-Черкесская Республика,2016,78521.1
Республика Северная Осетия - Алания,2016,148810.1
Ставропольский край,2016,712594.5
Республика Башкортостан,2016,1421517.6
Республика Марий Эл,2016,170890.5
Республика Мордовия,2016,223297.80000000002
Республика Татарстан,2016,2058139.9
Удмуртская Республика,2016,570254.8
Чувашская Республика,2016,284659.1
Кировская область,2016,313533.8
Нижегородская область,2016,1282751.7
Оренбургская область,2016,814765.4
Пензенская область,2016,358258.2
Самарская область,2016,1364822.2
Саратовская область,2016,700848.6
Ульяновская область,2016,366954.7
Курганская область,2016,202100.4
Свердловская область,2016,2109619.1
Тюменская область,2016,6125961.8
Челябинская область,2016,1332761.4
Республика Алтай,2016,47434.9
Республика Тыва,2016,58001.1
Республика Хакасия,2016,207742.6
Алтайский край,2016,532401.5
Красноярский край,2016,1821899.9
Иркутская область,2016,1139206.8
Кемеровская область,2016,903348.9
Новосибирская область,2016,1074794.7
Омская область,2016,669480.4
Томская область,2016,521043.5
Республика Бурятия,2016,220764.6
Республика Саха (Якутия),2016,889449.3
Приморский край,2016,860803.6
Хабаровский край,2016,672660.4
Амурская область,2016,297531.0
Магаданская область,2016,153879.8
Сахалинская область,2016,762510.3
Еврейская автономная область,2016,48563.2
Чукотский автономный округ,2016,72174.1
Белгородская область,2017,837306.8
Брянская область,2017,341177.8
Владимирская область,2017,449849.2
Воронежская область,2017,873429.4
Ивановская область,2017,212464.7
Калужская область,2017,457052.5
Костромская область,2017,178485.6
Курская область,2017,404759.8
Липецкая область,2017,522266.2
Московская область,2017,4290261.2
Орловская область,2017,231118.4
Рязанская область,2017,395276.9
Смоленская область,2017,313615.8
Тамбовская область,2017,320572.4
Тверская область,2017,420671.5
Тульская область,2017,594407.6
Ярославская область,2017,534549.7
г. Москва,2017,16538189.5
Республика Карелия,2017,270802.5
Республика Коми,2017,608574.5
Архангельская область,2017,759206.5
Вологодская область,2017,542663.4
Калининградская область,2017,446677.6
Ленинградская область,2017,1002543.3
Мурманская область,2017,479352.8
Новгородская область,2017,256165.8
Псковская область,2017,165858.1
г. Санкт-Петербург,2017,4283036.300000001
Республика Адыгея,2017,109714.5
Республика Калмыкия,2017,80126.9
Краснодарский край,2017,2422752.7
Астраханская область,2017,442608.8
Волгоградская область,2017,850263.7
Ростовская область,2017,1441723.3
Республика Дагестан,2017,639513.2999999999
Республика Ингушетия,2017,60855.8
Кабардино-Балкарская Республика,2017,155221.80000000002
Карачаево-Черкесская Республика,2017,82765.6
Республика Северная Осетия - Алания,2017,152526.4
Ставропольский край,2017,735609.5
Республика Башкортостан,2017,1487892.2
Республика Марий Эл,2017,178193.2
Республика Мордовия,2017,236090.8
Республика Татарстан,2017,2264655.8
Удмуртская Республика,2017,592037.6
Чувашская Республика,2017,296505.8
Кировская область,2017,331754.4
Нижегородская область,2017,1387920.9
Оренбургская область,2017,872857.1
Пензенская область,2017,376076.2
Самарская область,2017,1449005.7
Саратовская область,2017,728946.4
Ульяновская область,2017,374827.9
Курганская область,2017,209985.5
Свердловская область,2017,2259526.0
Тюменская область,2017,7097070.2
Челябинская область,2017,1416613.3
Республика Алтай,2017,48415.2
Республика Тыва,2017,65038.9
Республика Хакасия,2017,218148.4
Алтайский край,2017,545303.0
Красноярский край,2017,1977016.1
Иркутская область,2017,1268311.7
Кемеровская область,2017,1097861.0
Новосибирская область,2017,1179564.2
Омская область,2017,699716.5
Томская область,2017,554393.9
Республика Бурятия,2017,224594.1
Республика Саха (Якутия),2017,942029.6
Приморский край,2017,906265.0
Хабаровский край,2017,697951.0
Амурская область,2017,299181.0
Магаданская область,2017,161851.2
Сахалинская область,2017,784503.4
Еврейская автономная область,2017,55268.0
Чукотский автономный округ,2017,72873.8
Белгородская область,2018,911597.9
Брянская область,2018,367157.1
Владимирская область,2018,480027.8
Воронежская область,2018,951292.3
Ивановская область,2018,232493.6
Калужская область,2018,507632.2
Костромская область,2018,191812.9
Курская область,2018,451000.5
Липецкая область,2018,604396.2
Московская область,2018,4644635.0
Орловская область,2018,247105.5
Рязанская область,2018,416183.2
Смоленская область,2018,335059.9
Тамбовская область,2018,352202.6
Тверская область,2018,471065.5
Тульская область,2018,666763.0
Ярославская область,2018,583605.3
г. Москва,2018,18777726.0
Республика Карелия,2018,300977.1
Республика Коми,2018,696242.2
Архангельская область,2018,865723.3
Вологодская область,2018,615647.7
Калининградская область,2018,493302.4
Ленинградская область,2018,1147644.4
Мурманская область,2018,521051.5
Новгородская область,2018,259255.8
Псковская область,2018,180730.3
г. Санкт-Петербург,2018,4785218.6
Республика Адыгея,2018,119961.8
Республика Калмыкия,2018,86107.1
Краснодарский край,2018,2499915.5
Астраханская область,2018,579210.0
Волгоградская область,2018,927811.7
Ростовская область,2018,1548222.9
Республика Дагестан,2018,676060.8
Республика Ингушетия,2018,67468.2
Кабардино-Балкарская Республика,2018,161577.5
Карачаево-Черкесская Республика,2018,85737.9
Республика Северная Осетия - Алания,2018,161092.7
Ставропольский край,2018,784045.7
Республика Башкортостан,2018,1739362.9
Республика Марий Эл,2018,192690.3
Республика Мордовия,2018,245675.6
Республика Татарстан,2018,2622773.9
Удмуртская Республика,2018,679938.9
Чувашская Республика,2018,316622.9
Кировская область,2018,353265.5
Нижегородская область,2018,1502156.2
Оренбургская область,2018,1058504.8
Пензенская область,2018,411028.7
Самарская область,2018,1625558.7
Саратовская область,2018,773838.6
Ульяновская область,2018,386675.4
Курганская область,2018,215589.9
Свердловская область,2018,2423689.4
Тюменская область,2018,8875003.7
Челябинская область,2018,1521325.4
Республика Алтай,2018,54069.4
Республика Тыва,2018,73681.6
Республика Хакасия,2018,242341.1
Алтайский край,2018,579740.5
Красноярский край,2018,2374749.9
Иркутская область,2018,1460512.2
Кемеровская область,2018,1266424.5
Новосибирская область,2018,1301631.1
Омская область,2018,736076.8
Томская область,2018,612431.7
Республика Бурятия,2018,258578.6
Республика Саха (Якутия),2018,1126774.7
Приморский край,2018,965485.2
Хабаровский край,2018,761589.2
Амурская область,2018,334164.4
Магаданская область,2018,176370.6
Сахалинская область,2018,1233164.7
Еврейская автономная область,2018,54577.8
Чукотский автономный округ,2018,83422.6
Белгородская область,2019,955329.2
Брянская область,2019,399113.8
Владимирская область,2019,535493.4
Воронежская область,2019,1001790.3
Ивановская область,2019,254968.9
Калужская область,2019,549755.8
Костромская область,2019,203821.4
Курская область,2019,495864.4
Липецкая область,2019,570022.9
Московская область,2019,5196136.4
Орловская область,2019,266655.6
Рязанская область,2019,436417.7
Смоленская область,2019,349237.6
Тамбовская область,2019,353745.5
Тверская область,2019,488367.5
Тульская область,2019,676822.6
Ярославская область,2019,609150.8
г. Москва,2019,19797064.3
Республика Карелия,2019,319050.0
Республика Коми,2019,718138.7
Архангельская область,2019,889974.4
Вологодская область,2019,632759.5
Калининградская область,2019,520951.2
Ленинградская область,2019,1223679.6
Мурманская область,2019,616504.1
Новгородская область,2019,273808.0
Псковская область,2019,196625.3
г. Санкт-Петербург,2019,5186129.3
Республика Адыгея,2019,131125.8
Республика Калмыкия,2019,88986.9
Краснодарский край,2019,2577131.1
Астраханская область,2019,601811.2
Волгоградская область,2019,963214.4
Ростовская область,2019,1636017.5
Республика Дагестан,2019,713723.6
Республика Ингушетия,2019,73791.6
Кабардино-Балкарская Республика,2019,171544.7
Карачаево-Черкесская Республика,2019,91430.0
Республика Северная Осетия - Алания,2019,173459.4
Ставропольский край,2019,829223.9
Республика Башкортостан,2019,1803321.7
Республика Марий Эл,2019,203282.1
Республика Мордовия,2019,262760.6
Республика Татарстан,2019,2808753.3
Удмуртская Республика,2019,722846.0
Чувашская Республика,2019,339490.4
Кировская область,2019,370472.6
Нижегородская область,2019,1617171.7
Оренбургская область,2019,1106329.3
Пензенская область,2019,448521.1
Самарская область,2019,1689575.4
Саратовская область,2019,809822.6
Ульяновская область,2019,424995.6
Курганская область,2019,236825.8
Свердловская область,2019,2535215.0
Тюменская область,2019,8952460.5
Челябинская область,2019,1547518.0
Республика Алтай,2019,57064.0
Республика Тыва,2019,79321.3
Республика Хакасия,2019,256322.3
Алтайский край,2019,628146.1
Красноярский край,2019,2696158.9
Иркутская область,2019,1540237.8
Кемеровская область,2019,1110194.8
Новосибирская область,2019,1332895.8
Омская область,2019,772095.9
Томская область,2019,617903.6
Республика Бурятия,2019,285490.6
Республика Саха (Якутия),2019,1227680.3
Приморский край,2019,1069330.7
Хабаровский край,2019,805215.6
Амурская область,2019,395617.2
Магаданская область,2019,214414.9
Сахалинская область,2019,1172226.1
Еврейская автономная область,2019,56847.6
Чукотский автономный округ,2019,94995.0
Белгородская область,2020,997330.9
Брянская область,2020,414179.4
Владимирская область,2020,553092.4
Воронежская область,2020,1062765.4
Ивановская область,2020,269508.8
Калужская область,2020,561895.8
Костромская область,2020,204114.1
Курская область,2020,523000.5
Липецкая область,2020,618273.1
Московская область,2020,5406076.5
Орловская область,2020,282883.7
Рязанская область,2020,461214.6
Смоленская область,2020,365048.1
Тамбовская область,2020,376258.7
Тверская область,2020,486599.1
Тульская область,2020,713110.4
Ярославская область,2020,611748.5
г. Москва,2020,20260717.7
Республика Карелия,2020,322803.6
Республика Коми,2020,613266.9
Архангельская область,2020,781819.0
Вологодская область,2020,624437.1
Калининградская область,2020,549311.2
Ленинградская область,2020,1238641.3
Мурманская область,2020,798450.1
Новгородская область,2020,279689.3
Псковская область,2020,201756.7
г. Санкт-Петербург,2020,5332558.3
Республика Адыгея,2020,142913.5
Республика Калмыкия,2020,94025.9
Краснодарский край,2020,2667228.2
Астраханская область,2020,527290.2
Волгоградская область,2020,977707.7
Ростовская область,2020,1714576.7
Республика Дагестан,2020,740798.8
Республика Ингушетия,2020,70857.40000000001
Кабардино-Балкарская Республика,2020,180077.5
Карачаево-Черкесская Республика,2020,95297.1
Республика Северная Осетия - Алания,2020,179159.0
Ставропольский край,2020,846890.1
Республика Башкортостан,2020,1694189.7
Республика Марий Эл,2020,197948.7
Республика Мордовия,2020,266387.0
Республика Татарстан,2020,2631286.8
Удмуртская Республика,2020,684430.6
Чувашская Республика,2020,346046.4
Кировская область,2020,396946.8
Нижегородская область,2020,1600333.4
Оренбургская область,2020,1046728.3
Пензенская область,2020,484785.4
Самарская область,2020,1625461.8
Саратовская область,2020,856515.7
Ульяновская область,2020,438968.9
Курганская область,2020,240188.2
Свердловская область,2020,2512654.9
Тюменская область,2020,7280595.6
Челябинская область,2020,1602739.4
Республика Алтай,2020,62850.8
Республика Тыва,2020,82230.8
Республика Хакасия,2020,266213.2
Алтайский край,2020,664129.2
Красноярский край,2020,2725096.7
Иркутская область,2020,1494326.6
Кемеровская область,2020,1045077.1
Новосибирская область,2020,1358350.1
Омская область,2020,770280.4
Томская область,2020,553211.6
Республика Бурятия,2020,302800.4
Республика Саха (Якутия),2020,1133688.2
Приморский край,2020,1105672.6
Хабаровский край,2020,856904.8
Амурская область,2020,449317.5
Магаданская область,2020,285146.0
Сахалинская область,2020,1001689.4
Еврейская автономная область,2020,63177.1
Чукотский автономный округ,2020,119949.4
Белгородская область,2021,1359965.6
Брянская область,2021,482669.4
Владимирская область,2021,730328.8
Воронежская область,2021,1273851.9
Ивановская область,2021,308392.2
Калужская область,2021,671155.5
Костромская область,2021,247508.0
Курская область,2021,688469.1
Липецкая область,2021,853038.4
Московская область,2021,6809951.1
Орловская область,2021,338266.1
Рязанская область,2021,544053.6
Смоленская область,2021,428827.5
Тамбовская область,2021,442996.9
Тверская область,2021,564548.5
Тульская область,2021,887541.1
Ярославская область,2021,695015.4
г. Москва,2021,24265759.9
Республика Карелия,2021,447564.1
Республика Коми,2021,869995.8
Архангельская область,2021,1080494.9
Вологодская область,2021,1026496.5
Калининградская область,2021,683811.6
Ленинградская область,2021,1473287.1
Мурманская область,2021,1106607.7
Новгородская область,2021,345664.3
Псковская область,2021,227739.7
г. Санкт-Петербург,2021,9420445.3
Республика Адыгея,2021,171386.1
Республика Калмыкия,2021,102377.2
Краснодарский край,2021,3280988.8
Астраханская область,2021,663770.6
Волгоградская область,2021,1067376.2
Ростовская область,2021,2042953.9
Республика Дагестан,2021,802523.3
Республика Ингушетия,2021,71831.70000000001
Кабардино-Балкарская Республика,2021,212776.9
Карачаево-Черкесская Республика,2021,108591.7
Республика Северная Осетия - Алания,2021,197993.1
Ставропольский край,2021,1037863.5
Республика Башкортостан,2021,2016023.7
Республика Марий Эл,2021,226451.5
Республика Мордовия,2021,304167.2
Республика Татарстан,2021,3533272.5
Удмуртская Республика,2021,867612.5
Чувашская Республика,2021,399899.3
Кировская область,2021,488594.5
Нижегородская область,2021,1931254.1
Оренбургская область,2021,1409921.0
Пензенская область,2021,540115.8
Самарская область,2021,2157662.0
Саратовская область,2021,1009797.7
Ульяновская область,2021,508499.1
Курганская область,2021,272175.2
Свердловская область,2021,3083947.1
Тюменская область,2021,11492922.3
Челябинская область,2021,2064927.6
Республика Алтай,2021,74513.4
Республика Тыва,2021,91529.3
Республика Хакасия,2021,315304.4
Алтайский край,2021,869672.1
Красноярский край,2021,3122115.3
Иркутская область,2021,1972480.5
Кемеровская область,2021,1823647.7
Новосибирская область,2021,1628844.4
Омская область,2021,796044.1
Томская область,2021,723226.5
Республика Бурятия,2021,356150.2
Республика Саха (Якутия),2021,1672273.8
Приморский край,2021,1354099.5
Хабаровский край,2021,1017795.1
Амурская область,2021,548269.8
Магаданская область,2021,320159.6
Сахалинская область,2021,1237949.8
Еврейская автономная область,2021,79156.9
Чукотский автономный округ,2021,140026.3
Белгородская область,2022,1282187.9
Брянская область,2022,547720.9
Владимирская область,2022,779080.5
Воронежская область,2022,1363025.6
Ивановская область,2022,362816.5
Калужская область,2022,687651.6
Костромская область,2022,275038.3
Курская область,2022,663507.8
Липецкая область,2022,780138.9
Московская область,2022,7774430.0
Орловская область,2022,366295.8
Рязанская область,2022,614419.9
Смоленская область,2022,483282.4
Тамбовская область,2022,452306.1
Тверская область,2022,620842.8
Тульская область,2022,1002419.4
Ярославская область,2022,740598.6
г. Москва,2022,27726392.1
Республика Карелия,2022,392693.2
Республика Коми,2022,971635.0
Архангельская область,2022,1189495.0
Вологодская область,2022,1020858.9
Калининградская область,2022,733450.2
Ленинградская область,2022,1660133.9
Мурманская область,2022,1152107.7
Новгородская область,2022,377578.5
Псковская область,2022,255842.8
г. Санкт-Петербург,2022,11173493.1
Республика Адыгея,2022,191559.8
Республика Калмыкия,2022,119775.6
Краснодарский край,2022,4289164.5
Астраханская область,2022,763880.4
Волгоградская область,2022,1208235.4
Ростовская область,2022,2317782.0
Республика Дагестан,2022,876956.5
Республика Ингушетия,2022,83872.5
Кабардино-Балкарская Республика,2022,246552.80000000002
Карачаево-Черкесская Республика,2022,123939.3
Республика Северная Осетия - Алания,2022,221180.7
Ставропольский край,2022,1177815.9
Республика Башкортостан,2022,2217066.6999999997
Республика Марий Эл,2022,252741.9
Республика Мордовия,2022,338912.4
Республика Татарстан,2022,4144697.3
Удмуртская Республика,2022,965539.8
Чувашская Республика,2022,489177.6
Кировская область,2022,548013.8
Нижегородская область,2022,2277255.2
Оренбургская область,2022,1565767.7
Пензенская область,2022,588291.7
Самарская область,2022,2367618.4
Саратовская область,2022,1176232.0
Ульяновская область,2022,586437.6
Курганская область,2022,336231.3
Свердловская область,2022,3443588.6
Тюменская область,2022,13908749.1
Челябинская область,2022,2228903.6
Республика Алтай,2022,89613.1
Республика Тыва,2022,107913.7
Республика Хакасия,2022,345846.6
Алтайский край,2022,929614.2
Красноярский край,2022,3314866.6
Иркутская область,2022,2347579.8
Кемеровская область,2022,2170130.3
Новосибирская область,2022,1927143.6
Омская область,2022,926750.2
Томская область,2022,813183.4
Республика Бурятия,2022,447267.3
Республика Саха (Якутия),2022,2009286.6
Приморский край,2022,1575745.3
Хабаровский край,2022,1065100.8
Амурская область,2022,603562.5
Магаданская область,2022,315361.1
Сахалинская область,2022,1672496.2
Еврейская автономная область,2022,81120.5
Чукотский автономный округ,2022,145059.8
Белгородская область,2023,1341408.9
Брянская область,2023,627017.8
Владимирская область,2023,893416.3
Воронежская область,2023,1494401.9
Ивановская область,2023,435227.7
Калужская область,2023,792281.5
Костромская область,2023,316018.2
Курская область,2023,747687.1
Липецкая область,2023,950272.5
Московская область,2023,9244579.6
Орловская область,2023,398720.4
Рязанская область,2023,692685.4
Смоленская область,2023,556552.9
Тамбовская область,2023,522646.8
Тверская область,2023,750838.4
Тульская область,2023,1149160.2
Ярославская область,2023,849769.9
г. Москва,2023,32339001.6
Республика Карелия,2023,434291.1
Республика Коми,2023,1049365.5
Архангельская область,2023,1263045.1
Вологодская область,2023,1081822.9
Калининградская область,2023,785205.9
Ленинградская область,2023,1915187.7
Мурманская область,2023,1127497.3
Новгородская область,2023,408968.1
Псковская область,2023,288750.0
г. Санкт-Петербург,2023,10908028.0
Республика Адыгея,2023,223013.0
Республика Калмыкия,2023,166710.2
Краснодарский край,2023,4772036.0
Астраханская область,2023,777718.3
Волгоградская область,2023,1384980.9
Ростовская область,2023,2693193.0
Республика Дагестан,2023,1034705.4
Республика Ингушетия,2023,95319.7
Кабардино-Балкарская Республика,2023,291100.4
Карачаево-Черкесская Республика,2023,143310.6
Республика Северная Осетия - Алания,2023,266555.8
Ставропольский край,2023,1340782.0
Республика Башкортостан,2023,2460269.4
Республика Марий Эл,2023,304473.1
Республика Мордовия,2023,396833.0
Республика Татарстан,2023,4583352.3
Удмуртская Республика,2023,1102900.3
Чувашская Республика,2023,601316.7
Кировская область,2023,605915.5
Нижегородская область,2023,2672241.8
Оренбургская область,2023,1763998.8
Пензенская область,2023,659002.8
Самарская область,2023,2646488.2
Саратовская область,2023,1345119.0
Ульяновская область,2023,673635.5
Курганская область,2023,380466.7
Свердловская область,2023,4128119.1
Тюменская область,2023,15946597.2
Челябинская область,2023,2589084.6
Республика Алтай,2023,108336.5
Республика Тыва,2023,122532.5
Республика Хакасия,2023,378551.6
Алтайский край,2023,1024355.4
Красноярский край,2023,3719646.8
Иркутская область,2023,2539383.9
Кемеровская область,2023,1883825.1
Новосибирская область,2023,2216436.2
Омская область,2023,1056600.3
Томская область,2023,912449.4
Республика Бурятия,2023,503918.8
Республика Саха (Якутия),2023,2229816.5
Приморский край,2023,1862934.3
Хабаровский край,2023,1262368.1
Амурская область,2023,793851.9
Магаданская область,2023,403892.80000000005
Сахалинская область,2023,1624560.7
Еврейская автономная область,2023,102215.3
Чукотский автономный округ,2023,186709.4
